"","15歲以上婚姻狀況─按區域別、年齡別分"
"","102年/ 總計 ","102年/ 未婚 ","102年/ 有偶 ","102年/ 離婚 ","102年/ 喪偶 ","102年/ 男 ","102年/ 未婚 ","102年/ 有偶 ","102年/ 離婚 ","102年/ 喪偶 ","102年/ 女 ","102年/ 未婚 ","102年/ 有偶 ","102年/ 離婚 ","102年/ 喪偶 "
"區域別總計 / 年齡別總計 "," 20,026,916","  6,957,942"," 10,271,403","  1,543,498","  1,254,073","  9,939,573","  3,784,045","  5,180,986","    735,827","    238,715"," 10,087,343","  3,173,897","  5,090,417","    807,671","  1,015,358"
"區域別總計 / 15-19歲 ","  1,556,952","  1,553,160","      3,476","        315","          1","    809,139","    808,386","        709","         44","          -","    747,813","    744,774","      2,767","        271","          1"
"區域別總計 / 20-24歲 ","  1,601,542","  1,546,434","     47,834","      7,192","         82","    833,182","    816,891","     14,187","      2,099","          5","    768,360","    729,543","     33,647","      5,093","         77"
"區域別總計 / 25-29歲 ","  1,650,491","  1,317,178","    297,616","     34,754","        943","    842,171","    725,208","    105,596","     11,305","         62","    808,320","    591,970","    192,020","     23,449","        881"
"區域別總計 / 30-34歲 ","  2,014,190","    982,705","    914,832","    112,116","      4,537","  1,003,345","    577,433","    382,874","     42,606","        432","  1,010,845","    405,272","    531,958","     69,510","      4,105"
"區域別總計 / 35-39歲 ","  1,924,082","    549,739","  1,179,549","    184,748","     10,046","    952,401","    318,779","    549,501","     82,926","      1,195","    971,681","    230,960","    630,048","    101,822","      8,851"
"區域別總計 / 40-44歲 ","  1,815,671","    340,229","  1,224,040","    231,625","     19,777","    899,869","    186,510","    600,308","    110,339","      2,712","    915,802","    153,719","    623,732","    121,286","     17,065"
"區域別總計 / 45-49歲 ","  1,856,314","    244,055","  1,313,534","    260,700","     38,025","    925,294","    131,600","    659,995","    128,214","      5,485","    931,020","    112,455","    653,539","    132,486","     32,540"
"區域別總計 / 50-54歲 ","  1,863,764","    169,755","  1,366,893","    257,978","     69,138","    923,924","     91,420","    696,773","    125,375","     10,356","    939,840","     78,335","    670,120","    132,603","     58,782"
"區域別總計 / 55-59歲 ","  1,675,557","    107,799","  1,253,862","    206,040","    107,856","    822,075","     55,354","    649,375","    101,078","     16,268","    853,482","     52,445","    604,487","    104,962","     91,588"
"區域別總計 / 60-64歲 ","  1,373,947","     65,999","  1,023,971","    133,638","    150,339","    666,914","     29,802","    547,123","     67,777","     22,212","    707,033","     36,197","    476,848","     65,861","    128,127"
"區域別總計 / 65-69歲 ","    792,163","     28,023","    574,713","     53,349","    136,078","    378,513","     12,881","    315,993","     29,146","     20,493","    413,650","     15,142","    258,720","     24,203","    115,585"
"區域別總計 / 70-74歲 ","    696,464","     17,586","    471,825","     29,548","    177,505","    322,248","      8,645","    265,976","     16,156","     31,471","    374,216","      8,941","    205,849","     13,392","    146,034"
"區域別總計 / 75-79歲 ","    523,185","     11,668","    307,111","     14,525","    189,881","    232,756","      5,786","    179,960","      7,723","     39,287","    290,429","      5,882","    127,151","      6,802","    150,594"
"區域別總計 / 80-84歲 ","    380,160","      9,685","    187,038","      9,491","    173,946","    182,091","      5,743","    128,266","      5,910","     42,172","    198,069","      3,942","     58,772","      3,581","    131,774"
"區域別總計 / 85-89歲 ","    213,004","      8,552","     82,466","      5,492","    116,494","    105,360","      5,907","     65,261","      3,789","     30,403","    107,644","      2,645","     17,205","      1,703","     86,091"
"區域別總計 / 90-94歲 ","     71,974","      3,846","     19,228","      1,624","     47,276","     32,648","      2,586","     16,200","      1,078","     12,784","     39,326","      1,260","      3,028","        546","     34,492"
"區域別總計 / 95-99歲 ","     14,618","      1,089","      2,781","        308","     10,440","      6,225","        770","      2,351","        221","      2,883","      8,393","        319","        430","         87","      7,557"
"區域別總計 / 100歲以上 ","      2,838","        440","        634","         55","      1,709","      1,418","        344","        538","         41","        495","      1,420","         96","         96","         14","      1,214"
"新北市 / 年齡別總計 ","  3,410,364","  1,247,924","  1,704,570","    284,198","    173,672","  1,666,115","    668,536","    840,756","    127,663","     29,160","  1,744,249","    579,388","    863,814","    156,535","    144,512"
"新北市 / 15-19歲 ","    256,414","    255,899","        472","         43","          -","    132,696","    132,597","         98","          1","          -","    123,718","    123,302","        374","         42","          -"
"新北市 / 20-24歲 ","    278,139","    270,439","      6,566","      1,123","         11","    145,371","    143,157","      1,902","        311","          1","    132,768","    127,282","      4,664","        812","         10"
"新北市 / 25-29歲 ","    290,967","    240,473","     44,722","      5,654","        118","    147,239","    130,345","     15,103","      1,786","          5","    143,728","    110,128","     29,619","      3,868","        113"
"新北市 / 30-34歲 ","    359,907","    189,415","    150,487","     19,404","        601","    178,288","    109,673","     61,493","      7,069","         53","    181,619","     79,742","     88,994","     12,335","        548"
"新北市 / 35-39歲 ","    343,281","    106,383","    202,517","     32,935","      1,446","    168,594","     60,454","     93,899","     14,036","        205","    174,687","     45,929","    108,618","     18,899","      1,241"
"新北市 / 40-44歲 ","    315,516","     64,441","    206,732","     41,481","      2,862","    154,560","     33,855","    101,269","     19,005","        431","    160,956","     30,586","    105,463","     22,476","      2,431"
"新北市 / 45-49歲 ","    320,950","     45,113","    223,246","     46,786","      5,805","    152,872","     22,477","    108,101","     21,481","        813","    168,078","     22,636","    115,145","     25,305","      4,992"
"新北市 / 50-54歲 ","    330,332","     30,487","    240,992","     47,915","     10,938","    155,890","     15,013","    117,659","     21,600","      1,618","    174,442","     15,474","    123,333","     26,315","      9,320"
"新北市 / 55-59歲 ","    299,991","     19,612","    222,798","     40,176","     17,405","    140,919","      9,112","    111,120","     18,098","      2,589","    159,072","     10,500","    111,678","     22,078","     14,816"
"新北市 / 60-64歲 ","    239,984","     11,947","    176,858","     26,890","     24,289","    113,143","      4,847","     92,233","     12,624","      3,439","    126,841","      7,100","     84,625","     14,266","     20,850"
"新北市 / 65-69歲 ","    127,452","      4,844","     90,903","     10,671","     21,034","     60,462","      2,002","     50,051","      5,511","      2,898","     66,990","      2,842","     40,852","      5,160","     18,136"
"新北市 / 70-74歲 ","     98,371","      2,959","     64,765","      5,606","     25,041","     45,088","      1,378","     37,038","      2,919","      3,753","     53,283","      1,581","     27,727","      2,687","     21,288"
"新北市 / 75-79歲 ","     64,030","      1,823","     36,163","      2,572","     23,472","     27,929","        917","     21,758","      1,296","      3,958","     36,101","        906","     14,405","      1,276","     19,514"
"新北市 / 80-84歲 ","     45,438","      1,582","     22,351","      1,638","     19,867","     22,705","        973","     16,507","      1,021","      4,204","     22,733","        609","      5,844","        617","     15,663"
"新北市 / 85-89歲 ","     26,929","      1,457","     11,128","        935","     13,409","     13,991","        979","      9,222","        642","      3,148","     12,938","        478","      1,906","        293","     10,261"
"新北市 / 90-94歲 ","      9,859","        711","      3,134","        284","      5,730","      4,965","        505","      2,695","        199","      1,566","      4,894","        206","        439","         85","      4,164"
"新北市 / 95-99歲 ","      2,209","        229","        557","         71","      1,352","      1,071","        167","        462","         54","        388","      1,138","         62","         95","         17","        964"
"新北市 / 100歲以上 ","        595","        110","        179","         14","        292","        332","         85","        146","         10","         91","        263","         25","         33","          4","        201"
"臺北市 / 年齡別總計 ","  2,302,915","    784,622","  1,227,712","    161,546","    129,035","  1,090,530","    394,091","    604,979","     69,681","     21,779","  1,212,385","    390,531","    622,733","     91,865","    107,256"
"臺北市 / 15-19歲 ","    153,991","    153,866","        112","         13","          -","     79,938","     79,916","         22","          -","          -","     74,053","     73,950","         90","         13","          -"
"臺北市 / 20-24歲 ","    151,106","    148,222","      2,605","        278","          1","     78,179","     77,429","        657","         93","          -","     72,927","     70,793","      1,948","        185","          1"
"臺北市 / 25-29歲 ","    164,894","    138,035","     25,177","      1,646","         36","     81,112","     72,517","      8,105","        489","          1","     83,782","     65,518","     17,072","      1,157","         35"
"臺北市 / 30-34歲 ","    226,155","    111,054","    108,348","      6,517","        236","    105,983","     60,120","     43,579","      2,260","         24","    120,172","     50,934","     64,769","      4,257","        212"
"臺北市 / 35-39歲 ","    222,689","     64,450","    144,407","     13,308","        524","    103,395","     32,965","     65,031","      5,333","         66","    119,294","     31,485","     79,376","      7,975","        458"
"臺北市 / 40-44歲 ","    210,511","     46,678","    142,188","     20,326","      1,319","     97,003","     21,544","     66,871","      8,399","        189","    113,508","     25,134","     75,317","     11,927","      1,130"
"臺北市 / 45-49歲 ","    210,737","     37,660","    145,507","     24,954","      2,616","     97,756","     16,145","     70,535","     10,673","        403","    112,981","     21,515","     74,972","     14,281","      2,213"
"臺北市 / 50-54歲 ","    212,115","     29,440","    150,296","     27,467","      4,912","     99,013","     12,053","     74,253","     11,881","        826","    113,102","     17,387","     76,043","     15,586","      4,086"
"臺北市 / 55-59歲 ","    205,948","     21,604","    150,029","     25,965","      8,350","     96,264","      8,444","     75,049","     11,448","      1,323","    109,684","     13,160","     74,980","     14,517","      7,027"
"臺北市 / 60-64歲 ","    182,164","     15,348","    133,456","     19,940","     13,420","     84,867","      5,178","     68,898","      8,817","      1,974","     97,297","     10,170","     64,558","     11,123","     11,446"
"臺北市 / 65-69歲 ","    108,656","      7,024","     78,902","      9,048","     13,682","     50,339","      2,414","     41,885","      4,246","      1,794","     58,317","      4,610","     37,017","      4,802","     11,888"
"臺北市 / 70-74歲 ","     89,016","      3,915","     60,695","      5,334","     19,072","     39,349","      1,553","     32,806","      2,486","      2,504","     49,667","      2,362","     27,889","      2,848","     16,568"
"臺北市 / 75-79歲 ","     64,714","      2,480","     38,775","      2,946","     20,513","     27,534","      1,080","     22,056","      1,355","      3,043","     37,180","      1,400","     16,719","      1,591","     17,470"
"臺北市 / 80-84歲 ","     50,666","      2,019","     26,909","      2,054","     19,684","     24,534","      1,056","     18,699","      1,095","      3,684","     26,132","        963","      8,210","        959","     16,000"
"臺北市 / 85-89歲 ","     32,889","      1,655","     14,617","      1,187","     15,430","     16,688","        975","     11,683","        718","      3,312","     16,201","        680","      2,934","        469","     12,118"
"臺北市 / 90-94歲 ","     13,005","        837","      4,641","        449","      7,078","      6,705","        492","      3,957","        297","      1,959","      6,300","        345","        684","        152","      5,119"
"臺北市 / 95-99歲 ","      2,965","        242","        836","         95","      1,792","      1,471","        142","        708","         77","        544","      1,494","        100","        128","         18","      1,248"
"臺北市 / 100歲以上 ","        694","         93","        212","         19","        370","        400","         68","        185","         14","        133","        294","         25","         27","          5","        237"
"桃園市 / 年齡別總計 ","  1,710,365","    594,906","    883,565","    142,906","     88,988","    852,240","    328,682","    442,291","     65,957","     15,310","    858,125","    266,224","    441,274","     76,949","     73,678"
"桃園市 / 15-19歲 ","    151,819","    151,411","        371","         37","          -","     79,227","     79,130","         88","          9","          -","     72,592","     72,281","        283","         28","          -"
"桃園市 / 20-24歲 ","    148,790","    143,039","      4,830","        911","         10","     77,980","     76,248","      1,463","        266","          3","     70,810","     66,791","      3,367","        645","          7"
"桃園市 / 25-29歲 ","    145,434","    112,602","     28,859","      3,890","         83","     74,838","     62,990","     10,589","      1,252","          7","     70,596","     49,612","     18,270","      2,638","         76"
"桃園市 / 30-34歲 ","    180,173","     78,994","     88,252","     12,469","        458","     89,556","     47,993","     36,959","      4,561","         43","     90,617","     31,001","     51,293","      7,908","        415"
"桃園市 / 35-39歲 ","    175,762","     41,817","    113,858","     19,117","        970","     86,766","     25,343","     52,952","      8,373","         98","     88,996","     16,474","     60,906","     10,744","        872"
"桃園市 / 40-44歲 ","    168,376","     25,126","    118,088","     23,292","      1,870","     82,956","     14,438","     57,575","     10,696","        247","     85,420","     10,688","     60,513","     12,596","      1,623"
"桃園市 / 45-49歲 ","    165,968","     16,693","    121,305","     24,680","      3,290","     81,801","      9,263","     60,369","     11,689","        480","     84,167","      7,430","     60,936","     12,991","      2,810"
"桃園市 / 50-54歲 ","    157,200","     10,462","    118,258","     22,635","      5,845","     77,311","      5,684","     60,308","     10,494","        825","     79,889","      4,778","     57,950","     12,141","      5,020"
"桃園市 / 55-59歲 ","    133,460","      6,182","    100,926","     17,386","      8,966","     64,779","      3,009","     52,216","      8,392","      1,162","     68,681","      3,173","     48,710","      8,994","      7,804"
"桃園市 / 60-64歲 ","    101,523","      3,458","     75,551","     10,130","     12,384","     48,123","      1,555","     39,866","      5,173","      1,529","     53,400","      1,903","     35,685","      4,957","     10,855"
"桃園市 / 65-69歲 ","     55,177","      1,324","     39,635","      3,827","     10,391","     25,596","        608","     21,586","      2,140","      1,262","     29,581","        716","     18,049","      1,687","      9,129"
"桃園市 / 70-74歲 ","     45,145","        857","     30,275","      1,996","     12,017","     20,209","        407","     16,904","      1,122","      1,776","     24,936","        450","     13,371","        874","     10,241"
"桃園市 / 75-79歲 ","     31,955","        670","     18,585","        938","     11,762","     14,011","        305","     11,043","        536","      2,127","     17,944","        365","      7,542","        402","      9,635"
"桃園市 / 80-84歲 ","     26,868","        841","     15,071","        860","     10,096","     15,688","        577","     11,881","        649","      2,581","     11,180","        264","      3,190","        211","      7,515"
"桃園市 / 85-89歲 ","     16,597","        892","      7,936","        585","      7,184","     10,233","        720","      6,927","        491","      2,095","      6,364","        172","      1,009","         94","      5,089"
"桃園市 / 90-94歲 ","      4,960","        404","      1,544","        127","      2,885","      2,624","        306","      1,367","         97","        854","      2,336","         98","        177","         30","      2,031"
"桃園市 / 95-99歲 ","        977","         94","        197","         22","        664","        456","         74","        175","         13","        194","        521","         20","         22","          9","        470"
"桃園市 / 100歲以上 ","        181","         40","         24","          4","        113","         86","         32","         23","          4","         27","         95","          8","          1","          -","         86"
"臺中市(99年改制前) / 年齡別總計 ","          -","          -","          -","          -","          -","          -","          -","          -","          -","          -","          -","          -","          -","          -","          -"
"臺中市(99年改制前) / 15-19歲 ","          -","          -","          -","          -","          -","          -","          -","          -","          -","          -","          -","          -","          -","          -","          -"
"臺中市(99年改制前) / 20-24歲 ","          -","          -","          -","          -","          -","          -","          -","          -","          -","          -","          -","          -","          -","          -","          -"
"臺中市(99年改制前) / 25-29歲 ","          -","          -","          -","          -","          -","          -","          -","          -","          -","          -","          -","          -","          -","          -","          -"
"臺中市(99年改制前) / 30-34歲 ","          -","          -","          -","          -","          -","          -","          -","          -","          -","          -","          -","          -","          -","          -","          -"
"臺中市(99年改制前) / 35-39歲 ","          -","          -","          -","          -","          -","          -","          -","          -","          -","          -","          -","          -","          -","          -","          -"
"臺中市(99年改制前) / 40-44歲 ","          -","          -","          -","          -","          -","          -","          -","          -","          -","          -","          -","          -","          -","          -","          -"
"臺中市(99年改制前) / 45-49歲 ","          -","          -","          -","          -","          -","          -","          -","          -","          -","          -","          -","          -","          -","          -","          -"
"臺中市(99年改制前) / 50-54歲 ","          -","          -","          -","          -","          -","          -","          -","          -","          -","          -","          -","          -","          -","          -","          -"
"臺中市(99年改制前) / 55-59歲 ","          -","          -","          -","          -","          -","          -","          -","          -","          -","          -","          -","          -","          -","          -","          -"
"臺中市(99年改制前) / 60-64歲 ","          -","          -","          -","          -","          -","          -","          -","          -","          -","          -","          -","          -","          -","          -","          -"
"臺中市(99年改制前) / 65-69歲 ","          -","          -","          -","          -","          -","          -","          -","          -","          -","          -","          -","          -","          -","          -","          -"
"臺中市(99年改制前) / 70-74歲 ","          -","          -","          -","          -","          -","          -","          -","          -","          -","          -","          -","          -","          -","          -","          -"
"臺中市(99年改制前) / 75-79歲 ","          -","          -","          -","          -","          -","          -","          -","          -","          -","          -","          -","          -","          -","          -","          -"
"臺中市(99年改制前) / 80-84歲 ","          -","          -","          -","          -","          -","          -","          -","          -","          -","          -","          -","          -","          -","          -","          -"
"臺中市(99年改制前) / 85-89歲 ","          -","          -","          -","          -","          -","          -","          -","          -","          -","          -","          -","          -","          -","          -","          -"
"臺中市(99年改制前) / 90-94歲 ","          -","          -","          -","          -","          -","          -","          -","          -","          -","          -","          -","          -","          -","          -","          -"
"臺中市(99年改制前) / 95-99歲 ","          -","          -","          -","          -","          -","          -","          -","          -","          -","          -","          -","          -","          -","          -","          -"
"臺中市(99年改制前) / 100歲以上 ","          -","          -","          -","          -","          -","          -","          -","          -","          -","          -","          -","          -","          -","          -","          -"
"臺南市(99年改制前) / 年齡別總計 ","          -","          -","          -","          -","          -","          -","          -","          -","          -","          -","          -","          -","          -","          -","          -"
"臺南市(99年改制前) / 15-19歲 ","          -","          -","          -","          -","          -","          -","          -","          -","          -","          -","          -","          -","          -","          -","          -"
"臺南市(99年改制前) / 20-24歲 ","          -","          -","          -","          -","          -","          -","          -","          -","          -","          -","          -","          -","          -","          -","          -"
"臺南市(99年改制前) / 25-29歲 ","          -","          -","          -","          -","          -","          -","          -","          -","          -","          -","          -","          -","          -","          -","          -"
"臺南市(99年改制前) / 30-34歲 ","          -","          -","          -","          -","          -","          -","          -","          -","          -","          -","          -","          -","          -","          -","          -"
"臺南市(99年改制前) / 35-39歲 ","          -","          -","          -","          -","          -","          -","          -","          -","          -","          -","          -","          -","          -","          -","          -"
"臺南市(99年改制前) / 40-44歲 ","          -","          -","          -","          -","          -","          -","          -","          -","          -","          -","          -","          -","          -","          -","          -"
"臺南市(99年改制前) / 45-49歲 ","          -","          -","          -","          -","          -","          -","          -","          -","          -","          -","          -","          -","          -","          -","          -"
"臺南市(99年改制前) / 50-54歲 ","          -","          -","          -","          -","          -","          -","          -","          -","          -","          -","          -","          -","          -","          -","          -"
"臺南市(99年改制前) / 55-59歲 ","          -","          -","          -","          -","          -","          -","          -","          -","          -","          -","          -","          -","          -","          -","          -"
"臺南市(99年改制前) / 60-64歲 ","          -","          -","          -","          -","          -","          -","          -","          -","          -","          -","          -","          -","          -","          -","          -"
"臺南市(99年改制前) / 65-69歲 ","          -","          -","          -","          -","          -","          -","          -","          -","          -","          -","          -","          -","          -","          -","          -"
"臺南市(99年改制前) / 70-74歲 ","          -","          -","          -","          -","          -","          -","          -","          -","          -","          -","          -","          -","          -","          -","          -"
"臺南市(99年改制前) / 75-79歲 ","          -","          -","          -","          -","          -","          -","          -","          -","          -","          -","          -","          -","          -","          -","          -"
"臺南市(99年改制前) / 80-84歲 ","          -","          -","          -","          -","          -","          -","          -","          -","          -","          -","          -","          -","          -","          -","          -"
"臺南市(99年改制前) / 85-89歲 ","          -","          -","          -","          -","          -","          -","          -","          -","          -","          -","          -","          -","          -","          -","          -"
"臺南市(99年改制前) / 90-94歲 ","          -","          -","          -","          -","          -","          -","          -","          -","          -","          -","          -","          -","          -","          -","          -"
"臺南市(99年改制前) / 95-99歲 ","          -","          -","          -","          -","          -","          -","          -","          -","          -","          -","          -","          -","          -","          -","          -"
"臺南市(99年改制前) / 100歲以上 ","          -","          -","          -","          -","          -","          -","          -","          -","          -","          -","          -","          -","          -","          -","          -"
"高雄市(99年改制前) / 年齡別總計 ","          -","          -","          -","          -","          -","          -","          -","          -","          -","          -","          -","          -","          -","          -","          -"
"高雄市(99年改制前) / 15-19歲 ","          -","          -","          -","          -","          -","          -","          -","          -","          -","          -","          -","          -","          -","          -","          -"
"高雄市(99年改制前) / 20-24歲 ","          -","          -","          -","          -","          -","          -","          -","          -","          -","          -","          -","          -","          -","          -","          -"
"高雄市(99年改制前) / 25-29歲 ","          -","          -","          -","          -","          -","          -","          -","          -","          -","          -","          -","          -","          -","          -","          -"
"高雄市(99年改制前) / 30-34歲 ","          -","          -","          -","          -","          -","          -","          -","          -","          -","          -","          -","          -","          -","          -","          -"
"高雄市(99年改制前) / 35-39歲 ","          -","          -","          -","          -","          -","          -","          -","          -","          -","          -","          -","          -","          -","          -","          -"
"高雄市(99年改制前) / 40-44歲 ","          -","          -","          -","          -","          -","          -","          -","          -","          -","          -","          -","          -","          -","          -","          -"
"高雄市(99年改制前) / 45-49歲 ","          -","          -","          -","          -","          -","          -","          -","          -","          -","          -","          -","          -","          -","          -","          -"
"高雄市(99年改制前) / 50-54歲 ","          -","          -","          -","          -","          -","          -","          -","          -","          -","          -","          -","          -","          -","          -","          -"
"高雄市(99年改制前) / 55-59歲 ","          -","          -","          -","          -","          -","          -","          -","          -","          -","          -","          -","          -","          -","          -","          -"
"高雄市(99年改制前) / 60-64歲 ","          -","          -","          -","          -","          -","          -","          -","          -","          -","          -","          -","          -","          -","          -","          -"
"高雄市(99年改制前) / 65-69歲 ","          -","          -","          -","          -","          -","          -","          -","          -","          -","          -","          -","          -","          -","          -","          -"
"高雄市(99年改制前) / 70-74歲 ","          -","          -","          -","          -","          -","          -","          -","          -","          -","          -","          -","          -","          -","          -","          -"
"高雄市(99年改制前) / 75-79歲 ","          -","          -","          -","          -","          -","          -","          -","          -","          -","          -","          -","          -","          -","          -","          -"
"高雄市(99年改制前) / 80-84歲 ","          -","          -","          -","          -","          -","          -","          -","          -","          -","          -","          -","          -","          -","          -","          -"
"高雄市(99年改制前) / 85-89歲 ","          -","          -","          -","          -","          -","          -","          -","          -","          -","          -","          -","          -","          -","          -","          -"
"高雄市(99年改制前) / 90-94歲 ","          -","          -","          -","          -","          -","          -","          -","          -","          -","          -","          -","          -","          -","          -","          -"
"高雄市(99年改制前) / 95-99歲 ","          -","          -","          -","          -","          -","          -","          -","          -","          -","          -","          -","          -","          -","          -","          -"
"高雄市(99年改制前) / 100歲以上 ","          -","          -","          -","          -","          -","          -","          -","          -","          -","          -","          -","          -","          -","          -","          -"
"高雄縣 / 年齡別總計 ","          -","          -","          -","          -","          -","          -","          -","          -","          -","          -","          -","          -","          -","          -","          -"
"高雄縣 / 15-19歲 ","          -","          -","          -","          -","          -","          -","          -","          -","          -","          -","          -","          -","          -","          -","          -"
"高雄縣 / 20-24歲 ","          -","          -","          -","          -","          -","          -","          -","          -","          -","          -","          -","          -","          -","          -","          -"
"高雄縣 / 25-29歲 ","          -","          -","          -","          -","          -","          -","          -","          -","          -","          -","          -","          -","          -","          -","          -"
"高雄縣 / 30-34歲 ","          -","          -","          -","          -","          -","          -","          -","          -","          -","          -","          -","          -","          -","          -","          -"
"高雄縣 / 35-39歲 ","          -","          -","          -","          -","          -","          -","          -","          -","          -","          -","          -","          -","          -","          -","          -"
"高雄縣 / 40-44歲 ","          -","          -","          -","          -","          -","          -","          -","          -","          -","          -","          -","          -","          -","          -","          -"
"高雄縣 / 45-49歲 ","          -","          -","          -","          -","          -","          -","          -","          -","          -","          -","          -","          -","          -","          -","          -"
"高雄縣 / 50-54歲 ","          -","          -","          -","          -","          -","          -","          -","          -","          -","          -","          -","          -","          -","          -","          -"
"高雄縣 / 55-59歲 ","          -","          -","          -","          -","          -","          -","          -","          -","          -","          -","          -","          -","          -","          -","          -"
"高雄縣 / 60-64歲 ","          -","          -","          -","          -","          -","          -","          -","          -","          -","          -","          -","          -","          -","          -","          -"
"高雄縣 / 65-69歲 ","          -","          -","          -","          -","          -","          -","          -","          -","          -","          -","          -","          -","          -","          -","          -"
"高雄縣 / 70-74歲 ","          -","          -","          -","          -","          -","          -","          -","          -","          -","          -","          -","          -","          -","          -","          -"
"高雄縣 / 75-79歲 ","          -","          -","          -","          -","          -","          -","          -","          -","          -","          -","          -","          -","          -","          -","          -"
"高雄縣 / 80-84歲 ","          -","          -","          -","          -","          -","          -","          -","          -","          -","          -","          -","          -","          -","          -","          -"
"高雄縣 / 85-89歲 ","          -","          -","          -","          -","          -","          -","          -","          -","          -","          -","          -","          -","          -","          -","          -"
"高雄縣 / 90-94歲 ","          -","          -","          -","          -","          -","          -","          -","          -","          -","          -","          -","          -","          -","          -","          -"
"高雄縣 / 95-99歲 ","          -","          -","          -","          -","          -","          -","          -","          -","          -","          -","          -","          -","          -","          -","          -"
"高雄縣 / 100歲以上 ","          -","          -","          -","          -","          -","          -","          -","          -","          -","          -","          -","          -","          -","          -","          -"
"宜蘭縣 / 年齡別總計 ","    396,340","    134,061","    203,643","     29,189","     29,447","    200,566","     74,475","    105,459","     15,073","      5,559","    195,774","     59,586","     98,184","     14,116","     23,888"
"宜蘭縣 / 15-19歲 ","     32,317","     32,196","        113","          8","          -","     16,809","     16,787","         21","          1","          -","     15,508","     15,409","         92","          7","          -"
"宜蘭縣 / 20-24歲 ","     33,749","     32,195","      1,379","        174","          1","     17,565","     17,083","        428","         54","          -","     16,184","     15,112","        951","        120","          1"
"宜蘭縣 / 25-29歲 ","     32,579","     25,399","      6,401","        765","         14","     16,872","     14,207","      2,404","        258","          3","     15,707","     11,192","      3,997","        507","         11"
"宜蘭縣 / 30-34歲 ","     36,231","     17,758","     16,087","      2,282","        104","     18,521","     10,582","      7,018","        907","         14","     17,710","      7,176","      9,069","      1,375","         90"
"宜蘭縣 / 35-39歲 ","     33,771","      9,526","     20,292","      3,755","        198","     17,088","      5,795","      9,447","      1,821","         25","     16,683","      3,731","     10,845","      1,934","        173"
"宜蘭縣 / 40-44歲 ","     34,371","      5,717","     23,604","      4,583","        467","     17,649","      3,405","     11,852","      2,332","         60","     16,722","      2,312","     11,752","      2,251","        407"
"宜蘭縣 / 45-49歲 ","     36,244","      4,066","     26,303","      5,027","        848","     18,832","      2,373","     13,625","      2,717","        117","     17,412","      1,693","     12,678","      2,310","        731"
"宜蘭縣 / 50-54歲 ","     36,763","      2,829","     27,633","      4,787","      1,514","     18,828","      1,677","     14,386","      2,538","        227","     17,935","      1,152","     13,247","      2,249","      1,287"
"宜蘭縣 / 55-59歲 ","     32,203","      1,760","     24,586","      3,603","      2,254","     16,269","        994","     13,016","      1,935","        324","     15,934","        766","     11,570","      1,668","      1,930"
"宜蘭縣 / 60-64歲 ","     26,038","      1,087","     19,840","      2,174","      2,937","     12,947","        585","     10,756","      1,217","        389","     13,091","        502","      9,084","        957","      2,548"
"宜蘭縣 / 65-69歲 ","     15,367","        473","     11,368","        866","      2,660","      7,517","        251","      6,308","        553","        405","      7,850","        222","      5,060","        313","      2,255"
"宜蘭縣 / 70-74歲 ","     17,043","        363","     11,622","        565","      4,493","      8,116","        235","      6,722","        383","        776","      8,927","        128","      4,900","        182","      3,717"
"宜蘭縣 / 75-79歲 ","     13,502","        289","      8,045","        293","      4,875","      6,236","        204","      4,897","        174","        961","      7,266","         85","      3,148","        119","      3,914"
"宜蘭縣 / 80-84歲 ","      9,329","        199","      4,291","        184","      4,655","      4,316","        147","      2,943","        105","      1,121","      5,013","         52","      1,348","         79","      3,534"
"宜蘭縣 / 85-89歲 ","      4,848","        132","      1,676","         94","      2,946","      2,242","         99","      1,323","         58","        762","      2,606","         33","        353","         36","      2,184"
"宜蘭縣 / 90-94歲 ","      1,606","         53","        340","         25","      1,188","        621","         33","        265","         17","        306","        985","         20","         75","          8","        882"
"宜蘭縣 / 95-99歲 ","        328","         12","         54","          4","        258","        116","         12","         41","          3","         60","        212","          -","         13","          1","        198"
"宜蘭縣 / 100歲以上 ","         51","          7","          9","          -","         35","         22","          6","          7","          -","          9","         29","          1","          2","          -","         26"
"新竹縣 / 年齡別總計 ","    437,025","    138,753","    241,502","     30,579","     26,191","    223,170","     78,329","    123,905","     15,394","      5,542","    213,855","     60,424","    117,597","     15,185","     20,649"
"新竹縣 / 15-19歲 ","     37,555","     37,404","        140","         11","          -","     19,603","     19,571","         30","          2","          -","     17,952","     17,833","        110","          9","          -"
"新竹縣 / 20-24歲 ","     36,524","     34,837","      1,446","        235","          6","     19,138","     18,626","        437","         75","          -","     17,386","     16,211","      1,009","        160","          6"
"新竹縣 / 25-29歲 ","     34,150","     25,172","      8,020","        933","         25","     17,428","     14,328","      2,812","        287","          1","     16,722","     10,844","      5,208","        646","         24"
"新竹縣 / 30-34歲 ","     45,588","     17,358","     25,281","      2,824","        125","     22,365","     10,984","     10,219","      1,145","         17","     23,223","      6,374","     15,062","      1,679","        108"
"新竹縣 / 35-39歲 ","     47,716","      9,299","     33,833","      4,315","        269","     23,759","      5,930","     15,777","      2,019","         33","     23,957","      3,369","     18,056","      2,296","        236"
"新竹縣 / 40-44歲 ","     43,810","      5,478","     32,723","      5,138","        471","     22,712","      3,285","     16,750","      2,610","         67","     21,098","      2,193","     15,973","      2,528","        404"
"新竹縣 / 45-49歲 ","     40,443","      3,537","     30,912","      5,178","        816","     21,324","      2,156","     16,372","      2,698","         98","     19,119","      1,381","     14,540","      2,480","        718"
"新竹縣 / 50-54歲 ","     37,617","      2,338","     29,184","      4,744","      1,351","     19,962","      1,472","     15,806","      2,486","        198","     17,655","        866","     13,378","      2,258","      1,153"
"新竹縣 / 55-59歲 ","     30,651","      1,289","     24,008","      3,398","      1,956","     15,977","        767","     13,091","      1,814","        305","     14,674","        522","     10,917","      1,584","      1,651"
"新竹縣 / 60-64歲 ","     24,127","        777","     18,803","      1,980","      2,567","     12,228","        450","     10,268","      1,110","        400","     11,899","        327","      8,535","        870","      2,167"
"新竹縣 / 65-69歲 ","     14,848","        384","     11,191","        793","      2,480","      7,387","        233","      6,279","        498","        377","      7,461","        151","      4,912","        295","      2,103"
"新竹縣 / 70-74歲 ","     15,746","        328","     11,348","        482","      3,588","      7,723","        204","      6,527","        297","        695","      8,023","        124","      4,821","        185","      2,893"
"新竹縣 / 75-79歲 ","     12,542","        199","      7,905","        270","      4,168","      6,017","        123","      4,780","        171","        943","      6,525","         76","      3,125","         99","      3,225"
"新竹縣 / 80-84歲 ","      8,706","        141","      4,516","        152","      3,897","      4,307","         81","      3,048","        104","      1,074","      4,399","         60","      1,468","         48","      2,823"
"新竹縣 / 85-89歲 ","      4,968","        130","      1,791","         87","      2,960","      2,400","         73","      1,383","         59","        885","      2,568","         57","        408","         28","      2,075"
"新竹縣 / 90-94歲 ","      1,604","         62","        354","         27","      1,161","        677","         37","        281","         12","        347","        927","         25","         73","         15","        814"
"新竹縣 / 95-99歲 ","        376","         14","         45","         11","        306","        147","          6","         43","          7","         91","        229","          8","          2","          4","        215"
"新竹縣 / 100歲以上 ","         54","          6","          2","          1","         45","         16","          3","          2","          -","         11","         38","          3","          -","          1","         34"
"苗栗縣 / 年齡別總計 ","    482,510","    156,718","    256,849","     33,095","     35,848","    248,411","     88,685","    134,040","     17,798","      7,888","    234,099","     68,033","    122,809","     15,297","     27,960"
"苗栗縣 / 15-19歲 ","     37,598","     37,437","        154","          7","          -","     19,633","     19,602","         30","          1","          -","     17,965","     17,835","        124","          6","          -"
"苗栗縣 / 20-24歲 ","     40,795","     38,751","      1,808","        234","          2","     21,097","     20,508","        522","         67","          -","     19,698","     18,243","      1,286","        167","          2"
"苗栗縣 / 25-29歲 ","     41,460","     30,693","      9,664","      1,065","         38","     21,100","     17,367","      3,373","        357","          3","     20,360","     13,326","      6,291","        708","         35"
"苗栗縣 / 30-34歲 ","     48,383","     20,875","     24,297","      3,063","        148","     24,667","     13,056","     10,316","      1,287","          8","     23,716","      7,819","     13,981","      1,776","        140"
"苗栗縣 / 35-39歲 ","     42,287","     10,561","     27,040","      4,371","        315","     21,938","      6,763","     12,940","      2,205","         30","     20,349","      3,798","     14,100","      2,166","        285"
"苗栗縣 / 40-44歲 ","     40,507","      6,379","     28,468","      5,049","        611","     21,637","      3,964","     14,838","      2,760","         75","     18,870","      2,415","     13,630","      2,289","        536"
"苗栗縣 / 45-49歲 ","     41,245","      4,447","     30,284","      5,473","      1,041","     22,136","      2,785","     16,187","      3,006","        158","     19,109","      1,662","     14,097","      2,467","        883"
"苗栗縣 / 50-54歲 ","     43,725","      3,024","     33,333","      5,555","      1,813","     23,239","      1,941","     17,936","      3,115","        247","     20,486","      1,083","     15,397","      2,440","      1,566"
"苗栗縣 / 55-59歲 ","     37,967","      1,833","     29,425","      4,096","      2,613","     20,014","      1,153","     16,054","      2,367","        440","     17,953","        680","     13,371","      1,729","      2,173"
"苗栗縣 / 60-64歲 ","     31,141","      1,139","     24,098","      2,368","      3,536","     15,921","        660","     13,305","      1,425","        531","     15,220","        479","     10,793","        943","      3,005"
"苗栗縣 / 65-69歲 ","     19,402","        577","     14,794","        852","      3,179","      9,701","        354","      8,228","        580","        539","      9,701","        223","      6,566","        272","      2,640"
"苗栗縣 / 70-74歲 ","     20,014","        380","     14,256","        485","      4,893","      9,933","        229","      8,363","        320","      1,021","     10,081","        151","      5,893","        165","      3,872"
"苗栗縣 / 75-79歲 ","     16,601","        261","     10,392","        246","      5,702","      7,914","        134","      6,149","        156","      1,475","      8,687","        127","      4,243","         90","      4,227"
"苗栗縣 / 80-84歲 ","     12,178","        152","      6,070","        148","      5,808","      5,596","         78","      3,842","         98","      1,578","      6,582","         74","      2,228","         50","      4,230"
"苗栗縣 / 85-89歲 ","      6,472","        129","      2,282","         61","      4,000","      2,840","         59","      1,575","         44","      1,162","      3,632","         70","        707","         17","      2,838"
"苗栗縣 / 90-94歲 ","      2,224","         65","        436","         17","      1,706","        854","         24","        342","          8","        480","      1,370","         41","         94","          9","      1,226"
"苗栗縣 / 95-99歲 ","        459","         12","         41","          5","        401","        169","          5","         33","          2","        129","        290","          7","          8","          3","        272"
"苗栗縣 / 100歲以上 ","         52","          3","          7","          -","         42","         22","          3","          7","          -","         12","         30","          -","          -","          -","         30"
"彰化縣 / 年齡別總計 ","  1,104,458","    374,229","    593,094","     58,414","     78,721","    563,008","    208,966","    306,620","     31,226","     16,196","    541,450","    165,263","    286,474","     27,188","     62,525"
"彰化縣 / 15-19歲 ","     89,094","     88,812","        259","         23","          -","     46,482","     46,425","         53","          4","          -","     42,612","     42,387","        206","         19","          -"
"彰化縣 / 20-24歲 ","     93,617","     89,578","      3,599","        432","          8","     49,110","     47,839","      1,145","        126","          -","     44,507","     41,739","      2,454","        306","          8"
"彰化縣 / 25-29歲 ","     99,801","     76,052","     21,626","      2,056","         67","     51,971","     43,086","      8,121","        758","          6","     47,830","     32,966","     13,505","      1,298","         61"
"彰化縣 / 30-34歲 ","    113,882","     52,468","     55,114","      5,999","        301","     58,307","     31,666","     24,069","      2,534","         38","     55,575","     20,802","     31,045","      3,465","        263"
"彰化縣 / 35-39歲 ","    101,406","     27,317","     65,013","      8,467","        609","     52,441","     16,310","     31,714","      4,344","         73","     48,965","     11,007","     33,299","      4,123","        536"
"彰化縣 / 40-44歲 ","     90,060","     14,534","     65,540","      8,903","      1,083","     46,887","      8,419","     33,490","      4,829","        149","     43,173","      6,115","     32,050","      4,074","        934"
"彰化縣 / 45-49歲 ","     94,272","      9,724","     72,746","      9,571","      2,231","     49,349","      5,800","     37,780","      5,443","        326","     44,923","      3,924","     34,966","      4,128","      1,905"
"彰化縣 / 50-54歲 ","     97,607","      6,403","     78,029","      9,147","      4,028","     50,783","      3,880","     41,278","      5,042","        583","     46,824","      2,523","     36,751","      4,105","      3,445"
"彰化縣 / 55-59歲 ","     87,139","      3,922","     70,177","      6,678","      6,362","     44,986","      2,358","     37,808","      3,793","      1,027","     42,153","      1,564","     32,369","      2,885","      5,335"
"彰化縣 / 60-64歲 ","     71,529","      2,300","     57,019","      3,980","      8,230","     36,251","      1,283","     31,329","      2,321","      1,318","     35,278","      1,017","     25,690","      1,659","      6,912"
"彰化縣 / 65-69歲 ","     43,530","      1,009","     33,651","      1,473","      7,397","     21,669","        591","     18,798","        952","      1,328","     21,861","        418","     14,853","        521","      6,069"
"彰化縣 / 70-74歲 ","     43,208","        797","     31,006","        872","     10,533","     20,854","        471","     17,579","        574","      2,230","     22,354","        326","     13,427","        298","      8,303"
"彰化縣 / 75-79歲 ","     36,031","        510","     22,178","        412","     12,931","     16,310","        305","     12,660","        259","      3,086","     19,721","        205","      9,518","        153","      9,845"
"彰化縣 / 80-84歲 ","     25,482","        340","     12,349","        220","     12,573","     10,961","        205","      7,500","        143","      3,113","     14,521","        135","      4,849","         77","      9,460"
"彰化縣 / 85-89歲 ","     12,687","        293","      4,000","        140","      8,254","      5,023","        207","      2,710","         82","      2,024","      7,664","         86","      1,290","         58","      6,230"
"彰化縣 / 90-94歲 ","      4,277","        126","        718","         38","      3,395","      1,384","         87","        529","         20","        748","      2,893","         39","        189","         18","      2,647"
"彰化縣 / 95-99歲 ","        733","         33","         54","          2","        644","        209","         26","         44","          1","        138","        524","          7","         10","          1","        506"
"彰化縣 / 100歲以上 ","        103","         11","         16","          1","         75","         31","          8","         13","          1","          9","         72","          3","          3","          -","         66"
"南投縣 / 年齡別總計 ","    449,727","    149,376","    230,731","     32,885","     36,735","    230,435","     83,907","    121,237","     17,578","      7,713","    219,292","     65,469","    109,494","     15,307","     29,022"
"南投縣 / 15-19歲 ","     35,335","     35,197","        128","         10","          -","     18,174","     18,155","         18","          1","          -","     17,161","     17,042","        110","          9","          -"
"南投縣 / 20-24歲 ","     37,061","     35,217","      1,600","        239","          5","     19,346","     18,758","        522","         66","          -","     17,715","     16,459","      1,078","        173","          5"
"南投縣 / 25-29歲 ","     36,987","     28,447","      7,518","        984","         38","     19,302","     15,976","      2,976","        348","          2","     17,685","     12,471","      4,542","        636","         36"
"南投縣 / 30-34歲 ","     41,008","     19,859","     18,059","      2,936","        154","     21,481","     12,266","      7,990","      1,217","          8","     19,527","      7,593","     10,069","      1,719","        146"
"南投縣 / 35-39歲 ","     36,144","     10,522","     21,125","      4,164","        333","     18,713","      6,532","     10,074","      2,076","         31","     17,431","      3,990","     11,051","      2,088","        302"
"南投縣 / 40-44歲 ","     36,619","      6,601","     24,457","      4,956","        605","     19,001","      3,905","     12,348","      2,675","         73","     17,618","      2,696","     12,109","      2,281","        532"
"南投縣 / 45-49歲 ","     40,410","      4,894","     28,848","      5,479","      1,189","     21,420","      2,942","     15,223","      3,077","        178","     18,990","      1,952","     13,625","      2,402","      1,011"
"南投縣 / 50-54歲 ","     42,904","      3,553","     31,950","      5,423","      1,978","     22,469","      2,126","     17,021","      2,989","        333","     20,435","      1,427","     14,929","      2,434","      1,645"
"南投縣 / 55-59歲 ","     37,883","      2,124","     28,840","      4,083","      2,836","     19,668","      1,311","     15,595","      2,323","        439","     18,215","        813","     13,245","      1,760","      2,397"
"南投縣 / 60-64歲 ","     31,435","      1,308","     23,749","      2,598","      3,780","     16,176","        800","     13,224","      1,529","        623","     15,259","        508","     10,525","      1,069","      3,157"
"南投縣 / 65-69歲 ","     19,310","        723","     14,072","        939","      3,576","      9,549","        514","      7,911","        596","        528","      9,761","        209","      6,161","        343","      3,048"
"南投縣 / 70-74歲 ","     19,296","        367","     13,238","        541","      5,150","      9,220","        261","      7,563","        337","      1,059","     10,076","        106","      5,675","        204","      4,091"
"南投縣 / 75-79歲 ","     15,810","        243","      9,386","        279","      5,902","      7,338","        154","      5,548","        177","      1,459","      8,472","         89","      3,838","        102","      4,443"
"南投縣 / 80-84歲 ","     11,368","        157","      5,398","        145","      5,668","      5,116","         97","      3,466","         97","      1,456","      6,252","         60","      1,932","         48","      4,212"
"南投縣 / 85-89歲 ","      5,895","        117","      1,937","         80","      3,761","      2,580","         77","      1,409","         55","      1,039","      3,315","         40","        528","         25","      2,722"
"南投縣 / 90-94歲 ","      1,849","         37","        373","         25","      1,414","        733","         27","        303","         14","        389","      1,116","         10","         70","         11","      1,025"
"南投縣 / 95-99歲 ","        373","          6","         48","          3","        316","        134","          4","         42","          1","         87","        239","          2","          6","          2","        229"
"南投縣 / 100歲以上 ","         40","          4","          5","          1","         30","         15","          2","          4","          -","          9","         25","          2","          1","          1","         21"
"雲林縣 / 年齡別總計 ","    611,279","    189,867","    327,478","     39,267","     54,667","    317,717","    107,283","    176,630","     22,399","     11,405","    293,562","     82,584","    150,848","     16,868","     43,262"
"雲林縣 / 15-19歲 ","     45,732","     45,590","        133","          9","          -","     24,090","     24,058","         31","          1","          -","     21,642","     21,532","        102","          8","          -"
"雲林縣 / 20-24歲 ","     44,887","     42,902","      1,759","        221","          5","     23,478","     22,865","        542","         71","          -","     21,409","     20,037","      1,217","        150","          5"
"雲林縣 / 25-29歲 ","     48,637","     37,019","     10,464","      1,118","         36","     25,063","     20,737","      3,926","        399","          1","     23,574","     16,282","      6,538","        719","         35"
"雲林縣 / 30-34歲 ","     57,794","     26,887","     27,064","      3,610","        233","     29,689","     16,342","     11,797","      1,532","         18","     28,105","     10,545","     15,267","      2,078","        215"
"雲林縣 / 35-39歲 ","     54,623","     14,609","     34,099","      5,493","        422","     28,696","      8,944","     16,874","      2,830","         48","     25,927","      5,665","     17,225","      2,663","        374"
"雲林縣 / 40-44歲 ","     50,756","      8,049","     35,682","      6,217","        808","     27,796","      4,877","     19,200","      3,608","        111","     22,960","      3,172","     16,482","      2,609","        697"
"雲林縣 / 45-49歲 ","     53,726","      5,715","     39,599","      7,031","      1,381","     30,610","      3,611","     22,529","      4,282","        188","     23,116","      2,104","     17,070","      2,749","      1,193"
"雲林縣 / 50-54歲 ","     53,911","      3,769","     41,093","      6,504","      2,545","     30,153","      2,490","     23,369","      3,917","        377","     23,758","      1,279","     17,724","      2,587","      2,168"
"雲林縣 / 55-59歲 ","     47,715","      2,210","     37,286","      4,405","      3,814","     25,708","      1,477","     20,902","      2,745","        584","     22,007","        733","     16,384","      1,660","      3,230"
"雲林縣 / 60-64歲 ","     41,869","      1,247","     32,715","      2,640","      5,267","     22,155","        793","     18,772","      1,695","        895","     19,714","        454","     13,943","        945","      4,372"
"雲林縣 / 65-69歲 ","     28,501","        678","     21,468","        967","      5,388","     14,080","        441","     12,016","        657","        966","     14,421","        237","      9,452","        310","      4,422"
"雲林縣 / 70-74歲 ","     29,811","        472","     21,069","        508","      7,762","     14,111","        262","     11,849","        345","      1,655","     15,700","        210","      9,220","        163","      6,107"
"雲林縣 / 75-79歲 ","     24,635","        299","     14,591","        280","      9,465","     10,950","        161","      8,313","        169","      2,307","     13,685","        138","      6,278","        111","      7,158"
"雲林縣 / 80-84歲 ","     17,218","        188","      7,672","        170","      9,188","      7,047","         89","      4,596","         97","      2,265","     10,171","         99","      3,076","         73","      6,923"
"雲林縣 / 85-89歲 ","      8,342","        159","      2,377","         82","      5,724","      3,146","         95","      1,606","         44","      1,401","      5,196","         64","        771","         38","      4,323"
"雲林縣 / 90-94歲 ","      2,580","         61","        374","         10","      2,135","        799","         33","        281","          6","        479","      1,781","         28","         93","          4","      1,656"
"雲林縣 / 95-99歲 ","        475","         11","         28","          2","        434","        133","          7","         24","          1","        101","        342","          4","          4","          1","        333"
"雲林縣 / 100歲以上 ","         67","          2","          5","          -","         60","         13","          1","          3","          -","          9","         54","          1","          2","          -","         51"
"嘉義縣 / 年齡別總計 ","    465,875","    145,870","    246,494","     32,010","     41,501","    242,469","     83,117","    131,789","     18,639","      8,924","    223,406","     62,753","    114,705","     13,371","     32,577"
"嘉義縣 / 15-19歲 ","     33,891","     33,786","         93","         12","          -","     17,645","     17,620","         22","          3","          -","     16,246","     16,166","         71","          9","          -"
"嘉義縣 / 20-24歲 ","     35,309","     33,741","      1,395","        172","          1","     18,341","     17,839","        445","         57","          -","     16,968","     15,902","        950","        115","          1"
"嘉義縣 / 25-29歲 ","     36,131","     28,056","      7,155","        885","         35","     18,902","     15,816","      2,747","        336","          3","     17,229","     12,240","      4,408","        549","         32"
"嘉義縣 / 30-34歲 ","     40,591","     19,795","     17,942","      2,707","        147","     21,165","     12,051","      7,925","      1,176","         13","     19,426","      7,744","     10,017","      1,531","        134"
"嘉義縣 / 35-39歲 ","     37,985","     10,716","     22,806","      4,163","        300","     19,899","      6,711","     10,955","      2,206","         27","     18,086","      4,005","     11,851","      1,957","        273"
"嘉義縣 / 40-44歲 ","     38,131","      6,618","     26,165","      4,803","        545","     20,590","      4,146","     13,609","      2,761","         74","     17,541","      2,472","     12,556","      2,042","        471"
"嘉義縣 / 45-49歲 ","     42,179","      5,020","     30,363","      5,715","      1,081","     23,833","      3,386","     16,776","      3,500","        171","     18,346","      1,634","     13,587","      2,215","        910"
"嘉義縣 / 50-54歲 ","     44,132","      3,569","     33,049","      5,556","      1,958","     24,767","      2,588","     18,473","      3,421","        285","     19,365","        981","     14,576","      2,135","      1,673"
"嘉義縣 / 55-59歲 ","     37,986","      2,038","     29,114","      4,002","      2,832","     20,770","      1,417","     16,368","      2,544","        441","     17,216","        621","     12,746","      1,458","      2,391"
"嘉義縣 / 60-64歲 ","     32,581","      1,111","     25,267","      2,270","      3,933","     17,166","        716","     14,342","      1,453","        655","     15,415","        395","     10,925","        817","      3,278"
"嘉義縣 / 65-69歲 ","     20,766","        467","     15,755","        827","      3,717","     10,216","        314","      8,700","        575","        627","     10,550","        153","      7,055","        252","      3,090"
"嘉義縣 / 70-74歲 ","     22,329","        351","     15,780","        461","      5,737","     10,438","        201","      8,736","        329","      1,172","     11,891","        150","      7,044","        132","      4,565"
"嘉義縣 / 75-79歲 ","     19,690","        261","     12,061","        212","      7,156","      8,822","        129","      6,766","        141","      1,786","     10,868","        132","      5,295","         71","      5,370"
"嘉義縣 / 80-84歲 ","     14,430","        166","      6,860","        132","      7,272","      6,141","         80","      4,059","         76","      1,926","      8,289","         86","      2,801","         56","      5,346"
"嘉義縣 / 85-89歲 ","      7,005","        119","      2,247","         69","      4,570","      2,838","         74","      1,532","         50","      1,182","      4,167","         45","        715","         19","      3,388"
"嘉義縣 / 90-94歲 ","      2,235","         39","        393","         20","      1,783","        769","         20","        295","          9","        445","      1,466","         19","         98","         11","      1,338"
"嘉義縣 / 95-99歲 ","        442","         12","         45","          2","        383","        150","          5","         36","          -","        109","        292","          7","          9","          2","        274"
"嘉義縣 / 100歲以上 ","         62","          5","          4","          2","         51","         17","          4","          3","          2","          8","         45","          1","          1","          -","         43"
"屏東縣 / 年齡別總計 ","    745,237","    254,261","    370,877","     60,751","     59,348","    381,178","    144,313","    191,923","     32,545","     12,397","    364,059","    109,948","    178,954","     28,206","     46,951"
"屏東縣 / 15-19歲 ","     58,592","     58,366","        206","         19","          1","     30,591","     30,543","         46","          2","          -","     28,001","     27,823","        160","         17","          1"
"屏東縣 / 20-24歲 ","     59,274","     56,598","      2,336","        333","          7","     30,591","     29,737","        747","        107","          -","     28,683","     26,861","      1,589","        226","          7"
"屏東縣 / 25-29歲 ","     59,909","     47,240","     11,058","      1,560","         51","     31,160","     26,448","      4,188","        522","          2","     28,749","     20,792","      6,870","      1,038","         49"
"屏東縣 / 30-34歲 ","     68,229","     35,346","     27,847","      4,788","        248","     35,477","     21,459","     12,037","      1,953","         28","     32,752","     13,887","     15,810","      2,835","        220"
"屏東縣 / 35-39歲 ","     64,698","     19,987","     36,408","      7,780","        523","     33,673","     12,453","     17,210","      3,943","         67","     31,025","      7,534","     19,198","      3,837","        456"
"屏東縣 / 40-44歲 ","     63,093","     12,185","     40,699","      9,221","        988","     32,758","      7,489","     20,208","      4,943","        118","     30,335","      4,696","     20,491","      4,278","        870"
"屏東縣 / 45-49歲 ","     68,640","      9,192","     47,029","     10,433","      1,986","     36,454","      5,958","     24,395","      5,847","        254","     32,186","      3,234","     22,634","      4,586","      1,732"
"屏東縣 / 50-54歲 ","     70,323","      6,368","     50,340","     10,170","      3,445","     36,664","      4,342","     26,220","      5,572","        530","     33,659","      2,026","     24,120","      4,598","      2,915"
"屏東縣 / 55-59歲 ","     63,496","      3,871","     46,450","      7,666","      5,509","     32,049","      2,635","     24,311","      4,275","        828","     31,447","      1,236","     22,139","      3,391","      4,681"
"屏東縣 / 60-64歲 ","     53,612","      2,214","     39,375","      4,915","      7,108","     26,956","      1,414","     21,511","      2,909","      1,122","     26,656","        800","     17,864","      2,006","      5,986"
"屏東縣 / 65-69歲 ","     32,431","        964","     23,445","      1,829","      6,193","     15,878","        638","     13,042","      1,178","      1,020","     16,553","        326","     10,403","        651","      5,173"
"屏東縣 / 70-74歲 ","     30,749","        661","     20,769","      1,070","      8,249","     14,796","        421","     11,897","        679","      1,799","     15,953","        240","      8,872","        391","      6,450"
"屏東縣 / 75-79歲 ","     24,453","        458","     14,207","        491","      9,297","     11,411","        262","      8,616","        301","      2,232","     13,042","        196","      5,591","        190","      7,065"
"屏東縣 / 80-84歲 ","     16,771","        348","      7,586","        282","      8,555","      7,725","        208","      5,052","        179","      2,286","      9,046","        140","      2,534","        103","      6,269"
"屏東縣 / 85-89歲 ","      7,957","        274","      2,605","        153","      4,925","      3,751","        172","      2,016","        111","      1,452","      4,206","        102","        589","         42","      3,473"
"屏東縣 / 90-94歲 ","      2,510","        123","        454","         34","      1,899","      1,039","         84","        376","         20","        559","      1,471","         39","         78","         14","      1,340"
"屏東縣 / 95-99歲 ","        419","         45","         50","          7","        317","        164","         31","         41","          4","         88","        255","         14","          9","          3","        229"
"屏東縣 / 100歲以上 ","         81","         21","         13","          -","         47","         41","         19","         10","          -","         12","         40","          2","          3","          -","         35"
"臺東縣 / 年齡別總計 ","    194,007","     68,400","     88,768","     19,349","     17,490","    100,753","     40,960","     46,454","     10,131","      3,208","     93,254","     27,440","     42,314","      9,218","     14,282"
"臺東縣 / 15-19歲 ","     15,091","     15,029","         58","          4","          -","      7,823","      7,813","         10","          -","          -","      7,268","      7,216","         48","          4","          -"
"臺東縣 / 20-24歲 ","     15,254","     14,396","        760","         97","          1","      8,014","      7,740","        250","         24","          -","      7,240","      6,656","        510","         73","          1"
"臺東縣 / 25-29歲 ","     14,896","     11,434","      2,945","        495","         22","      7,910","      6,562","      1,169","        178","          1","      6,986","      4,872","      1,776","        317","         21"
"臺東縣 / 30-34歲 ","     17,174","      9,015","      6,798","      1,286","         75","      9,094","      5,590","      2,948","        547","          9","      8,080","      3,425","      3,850","        739","         66"
"臺東縣 / 35-39歲 ","     16,695","      5,625","      8,711","      2,182","        177","      8,875","      3,718","      4,102","      1,036","         19","      7,820","      1,907","      4,609","      1,146","        158"
"臺東縣 / 40-44歲 ","     17,687","      4,158","     10,303","      2,897","        329","      9,631","      2,903","      5,194","      1,492","         42","      8,056","      1,255","      5,109","      1,405","        287"
"臺東縣 / 45-49歲 ","     18,264","      3,276","     10,961","      3,417","        610","     10,149","      2,456","      5,820","      1,784","         89","      8,115","        820","      5,141","      1,633","        521"
"臺東縣 / 50-54歲 ","     18,265","      2,273","     11,637","      3,273","      1,082","      9,784","      1,758","      6,094","      1,757","        175","      8,481","        515","      5,543","      1,516","        907"
"臺東縣 / 55-59歲 ","     16,290","      1,392","     10,949","      2,379","      1,570","      8,377","      1,066","      5,797","      1,296","        218","      7,913","        326","      5,152","      1,083","      1,352"
"臺東縣 / 60-64歲 ","     13,565","        708","      9,117","      1,571","      2,169","      6,567","        511","      4,837","        948","        271","      6,998","        197","      4,280","        623","      1,898"
"臺東縣 / 65-69歲 ","      8,416","        315","      5,465","        718","      1,918","      4,006","        232","      3,070","        433","        271","      4,410","         83","      2,395","        285","      1,647"
"臺東縣 / 70-74歲 ","      7,921","        199","      4,791","        442","      2,489","      3,636","        136","      2,798","        264","        438","      4,285","         63","      1,993","        178","      2,051"
"臺東縣 / 75-79歲 ","      6,284","        139","      3,220","        247","      2,678","      2,801","         88","      2,028","        151","        534","      3,483","         51","      1,192","         96","      2,144"
"臺東縣 / 80-84歲 ","      4,485","        129","      1,924","        174","      2,258","      2,127","        110","      1,368","        100","        549","      2,358","         19","        556","         74","      1,709"
"臺東縣 / 85-89歲 ","      2,608","        178","        898","        115","      1,417","      1,392","        154","        760","         83","        395","      1,216","         24","        138","         32","      1,022"
"臺東縣 / 90-94歲 ","        904","         92","        198","         43","        571","        459","         82","        178","         32","        167","        445","         10","         20","         11","        404"
"臺東縣 / 95-99歲 ","        173","         32","         31","          5","        105","         87","         32","         29","          2","         24","         86","          -","          2","          3","         81"
"臺東縣 / 100歲以上 ","         35","         10","          2","          4","         19","         21","          9","          2","          4","          6","         14","          1","          -","          -","         13"
"花蓮縣 / 年齡別總計 ","    288,825","    102,787","    132,801","     30,001","     23,236","    147,426","     59,411","     68,530","     15,321","      4,164","    141,399","     43,376","     64,271","     14,680","     19,072"
"花蓮縣 / 15-19歲 ","     22,932","     22,803","        119","         10","          -","     11,865","     11,848","         15","          2","          -","     11,067","     10,955","        104","          8","          -"
"花蓮縣 / 20-24歲 ","     23,348","     21,932","      1,211","        205","          -","     12,014","     11,565","        388","         61","          -","     11,334","     10,367","        823","        144","          -"
"花蓮縣 / 25-29歲 ","     22,497","     17,491","      4,242","        744","         20","     11,775","      9,852","      1,659","        263","          1","     10,722","      7,639","      2,583","        481","         19"
"花蓮縣 / 30-34歲 ","     26,386","     13,922","     10,486","      1,866","        112","     13,834","      8,521","      4,539","        762","         12","     12,552","      5,401","      5,947","      1,104","        100"
"花蓮縣 / 35-39歲 ","     25,232","      8,460","     13,368","      3,182","        222","     13,066","      5,371","      6,216","      1,449","         30","     12,166","      3,089","      7,152","      1,733","        192"
"花蓮縣 / 40-44歲 ","     25,357","      5,506","     15,064","      4,360","        427","     13,060","      3,498","      7,369","      2,139","         54","     12,297","      2,008","      7,695","      2,221","        373"
"花蓮縣 / 45-49歲 ","     26,265","      4,290","     16,187","      5,016","        772","     13,975","      2,853","      8,395","      2,606","        121","     12,290","      1,437","      7,792","      2,410","        651"
"花蓮縣 / 50-54歲 ","     26,867","      3,100","     17,243","      5,073","      1,451","     13,759","      2,110","      8,806","      2,590","        253","     13,108","        990","      8,437","      2,483","      1,198"
"花蓮縣 / 55-59歲 ","     25,259","      2,073","     16,856","      4,267","      2,063","     12,835","      1,443","      8,832","      2,279","        281","     12,424","        630","      8,024","      1,988","      1,782"
"花蓮縣 / 60-64歲 ","     20,565","      1,257","     13,769","      2,598","      2,941","     10,143","        825","      7,445","      1,479","        394","     10,422","        432","      6,324","      1,119","      2,547"
"花蓮縣 / 65-69歲 ","     12,491","        558","      8,075","      1,164","      2,694","      5,895","        395","      4,433","        699","        368","      6,596","        163","      3,642","        465","      2,326"
"花蓮縣 / 70-74歲 ","     11,245","        392","      6,928","        655","      3,270","      5,183","        286","      3,987","        406","        504","      6,062","        106","      2,941","        249","      2,766"
"花蓮縣 / 75-79歲 ","      8,582","        259","      4,563","        365","      3,395","      3,823","        190","      2,779","        230","        624","      4,759","         69","      1,784","        135","      2,771"
"花蓮縣 / 80-84歲 ","      6,317","        275","      2,797","        277","      2,968","      3,152","        235","      2,028","        191","        698","      3,165","         40","        769","         86","      2,270"
"花蓮縣 / 85-89歲 ","      3,814","        281","      1,443","        162","      1,928","      2,152","        252","      1,228","        129","        543","      1,662","         29","        215","         33","      1,385"
"花蓮縣 / 90-94歲 ","      1,343","        129","        371","         49","        794","        703","        111","        339","         31","        222","        640","         18","         32","         18","        572"
"花蓮縣 / 95-99歲 ","        255","         35","         65","          6","        149","        144","         32","         59","          3","         50","        111","          3","          6","          3","         99"
"花蓮縣 / 100歲以上 ","         70","         24","         14","          2","         30","         48","         24","         13","          2","          9","         22","          -","          1","          -","         21"
"澎湖縣 / 年齡別總計 ","     88,125","     30,362","     44,440","      6,458","      6,865","     45,294","     17,207","     23,113","      3,509","      1,465","     42,831","     13,155","     21,327","      2,949","      5,400"
"澎湖縣 / 15-19歲 ","      6,531","      6,521","         10","          -","          -","      3,410","      3,409","          1","          -","          -","      3,121","      3,112","          9","          -","          -"
"澎湖縣 / 20-24歲 ","      7,815","      7,527","        256","         32","          -","      4,112","      4,044","         59","          9","          -","      3,703","      3,483","        197","         23","          -"
"澎湖縣 / 25-29歲 ","      7,411","      5,704","      1,552","        150","          5","      3,830","      3,251","        530","         49","          -","      3,581","      2,453","      1,022","        101","          5"
"澎湖縣 / 30-34歲 ","      8,469","      3,961","      4,033","        443","         32","      4,239","      2,407","      1,662","        170","          -","      4,230","      1,554","      2,371","        273","         32"
"澎湖縣 / 35-39歲 ","      8,066","      2,318","      4,907","        810","         31","      4,132","      1,437","      2,319","        376","          -","      3,934","        881","      2,588","        434","         31"
"澎湖縣 / 40-44歲 ","      7,417","      1,378","      4,868","      1,061","        110","      3,947","        853","      2,539","        549","          6","      3,470","        525","      2,329","        512","        104"
"澎湖縣 / 45-49歲 ","      7,797","      1,096","      5,339","      1,185","        177","      4,258","        671","      2,874","        691","         22","      3,539","        425","      2,465","        494","        155"
"澎湖縣 / 50-54歲 ","      7,688","        819","      5,457","      1,094","        318","      4,136","        504","      2,971","        610","         51","      3,552","        315","      2,486","        484","        267"
"澎湖縣 / 55-59歲 ","      6,849","        457","      5,136","        819","        437","      3,690","        292","      2,823","        499","         76","      3,159","        165","      2,313","        320","        361"
"澎湖縣 / 60-64歲 ","      5,715","        218","      4,321","        500","        676","      2,845","        114","      2,327","        299","        105","      2,870","        104","      1,994","        201","        571"
"澎湖縣 / 65-69歲 ","      3,519","        109","      2,602","        164","        644","      1,684","         59","      1,407","        117","        101","      1,835","         50","      1,195","         47","        543"
"澎湖縣 / 70-74歲 ","      3,227","         69","      2,237","         89","        832","      1,551","         46","      1,270","         68","        167","      1,676","         23","        967","         21","        665"
"澎湖縣 / 75-79歲 ","      3,112","         66","      1,911","         57","      1,078","      1,461","         47","      1,124","         39","        251","      1,651","         19","        787","         18","        827"
"澎湖縣 / 80-84歲 ","      2,561","         46","      1,244","         30","      1,241","      1,179","         30","        796","         20","        333","      1,382","         16","        448","         10","        908"
"澎湖縣 / 85-89歲 ","      1,331","         46","        452","         19","        814","        587","         29","        319","         12","        227","        744","         17","        133","          7","        587"
"澎湖縣 / 90-94歲 ","        525","         25","        102","          5","        393","        199","         13","         79","          1","        106","        326","         12","         23","          4","        287"
"澎湖縣 / 95-99歲 ","         80","          2","         13","          -","         65","         30","          1","         13","          -","         16","         50","          1","          -","          -","         49"
"澎湖縣 / 100歲以上 ","         12","          -","          -","          -","         12","          4","          -","          -","          -","          4","          8","          -","          -","          -","          8"
"基隆市 / 年齡別總計 ","    329,437","    119,212","    155,588","     32,305","     22,332","    164,960","     65,994","     79,413","     15,759","      3,794","    164,477","     53,218","     76,175","     16,546","     18,538"
"基隆市 / 15-19歲 ","     25,560","     25,503","         50","          7","          -","     13,304","     13,293","         11","          -","          -","     12,256","     12,210","         39","          7","          -"
"基隆市 / 20-24歲 ","     27,075","     26,308","        634","        132","          1","     14,207","     13,983","        195","         29","          -","     12,868","     12,325","        439","        103","          1"
"基隆市 / 25-29歲 ","     25,490","     21,422","      3,414","        641","         13","     13,314","     11,864","      1,247","        200","          3","     12,176","      9,558","      2,167","        441","         10"
"基隆市 / 30-34歲 ","     28,702","     16,062","     10,705","      1,859","         76","     14,814","      9,547","      4,559","        702","          6","     13,888","      6,515","      6,146","      1,157","         70"
"基隆市 / 35-39歲 ","     28,437","      9,430","     15,479","      3,378","        150","     14,297","      5,607","      7,184","      1,491","         15","     14,140","      3,823","      8,295","      1,887","        135"
"基隆市 / 40-44歲 ","     29,716","      6,519","     18,078","      4,786","        333","     14,865","      3,782","      8,731","      2,299","         53","     14,851","      2,737","      9,347","      2,487","        280"
"基隆市 / 45-49歲 ","     32,053","      4,964","     21,027","      5,424","        638","     16,193","      2,884","     10,529","      2,673","        107","     15,860","      2,080","     10,498","      2,751","        531"
"基隆市 / 50-54歲 ","     33,169","      3,794","     22,462","      5,796","      1,117","     16,730","      2,187","     11,441","      2,923","        179","     16,439","      1,607","     11,021","      2,873","        938"
"基隆市 / 55-59歲 ","     29,961","      2,416","     21,061","      4,620","      1,864","     14,761","      1,345","     10,834","      2,305","        277","     15,200","      1,071","     10,227","      2,315","      1,587"
"基隆市 / 60-64歲 ","     24,332","      1,380","     17,132","      3,046","      2,774","     11,760","        677","      9,096","      1,585","        402","     12,572","        703","      8,036","      1,461","      2,372"
"基隆市 / 65-69歲 ","     12,526","        404","      8,645","      1,137","      2,340","      5,927","        195","      4,759","        681","        292","      6,599","        209","      3,886","        456","      2,048"
"基隆市 / 70-74歲 ","     12,066","        283","      7,596","        723","      3,464","      5,467","        153","      4,406","        414","        494","      6,599","        130","      3,190","        309","      2,970"
"基隆市 / 75-79歲 ","      8,811","        215","      4,731","        388","      3,477","      3,773","        117","      2,875","        224","        557","      5,038","         98","      1,856","        164","      2,920"
"基隆市 / 80-84歲 ","      6,194","        213","      2,786","        211","      2,984","      2,916","        137","      2,027","        132","        620","      3,278","         76","        759","         79","      2,364"
"基隆市 / 85-89歲 ","      3,715","        192","      1,339","        121","      2,063","      1,845","        142","      1,117","         77","        509","      1,870","         50","        222","         44","      1,554"
"基隆市 / 90-94歲 ","      1,290","         79","        360","         30","        821","        613","         60","        324","         19","        210","        677","         19","         36","         11","        611"
"基隆市 / 95-99歲 ","        269","         20","         69","          6","        174","        136","         16","         60","          5","         55","        133","          4","          9","          1","        119"
"基隆市 / 100歲以上 ","         71","          8","         20","          -","         43","         38","          5","         18","          -","         15","         33","          3","          2","          -","         28"
"新竹市 / 年齡別總計 ","    350,204","    116,110","    189,844","     25,081","     19,169","    171,200","     62,783","     93,361","     11,649","      3,407","    179,004","     53,327","     96,483","     13,432","     15,762"
"新竹市 / 15-19歲 ","     28,439","     28,371","         61","          7","          -","     14,689","     14,679","         10","          -","          -","     13,750","     13,692","         51","          7","          -"
"新竹市 / 20-24歲 ","     27,350","     26,346","        855","        146","          3","     14,064","     13,782","        240","         42","          -","     13,286","     12,564","        615","        104","          3"
"新竹市 / 25-29歲 ","     27,952","     21,433","      5,929","        579","         11","     13,914","     11,796","      1,929","        188","          1","     14,038","      9,637","      4,000","        391","         10"
"新竹市 / 30-34歲 ","     39,602","     15,740","     21,757","      2,035","         70","     18,800","      9,474","      8,533","        785","          8","     20,802","      6,266","     13,224","      1,250","         62"
"新竹市 / 35-39歲 ","     39,780","      8,501","     27,873","      3,258","        148","     19,273","      5,009","     12,762","      1,479","         23","     20,507","      3,492","     15,111","      1,779","        125"
"新竹市 / 40-44歲 ","     35,567","      5,220","     25,972","      4,047","        328","     17,391","      2,812","     12,640","      1,890","         49","     18,176","      2,408","     13,332","      2,157","        279"
"新竹市 / 45-49歲 ","     32,691","      3,671","     24,224","      4,246","        550","     16,367","      1,918","     12,353","      2,014","         82","     16,324","      1,753","     11,871","      2,232","        468"
"新竹市 / 50-54歲 ","     30,245","      2,606","     22,594","      4,043","      1,002","     15,071","      1,337","     11,659","      1,935","        140","     15,174","      1,269","     10,935","      2,108","        862"
"新竹市 / 55-59歲 ","     25,832","      1,600","     19,587","      3,117","      1,528","     12,548","        717","     10,146","      1,471","        214","     13,284","        883","      9,441","      1,646","      1,314"
"新竹市 / 60-64歲 ","     20,714","      1,067","     15,476","      1,958","      2,213","      9,849","        396","      8,163","        983","        307","     10,865","        671","      7,313","        975","      1,906"
"新竹市 / 65-69歲 ","     12,180","        437","      8,870","        786","      2,087","      5,603","        179","      4,763","        384","        277","      6,577","        258","      4,107","        402","      1,810"
"新竹市 / 70-74歲 ","     10,642","        280","      7,213","        385","      2,764","      4,601","        106","      3,875","        204","        416","      6,041","        174","      3,338","        181","      2,348"
"新竹市 / 75-79歲 ","      7,755","        185","      4,507","        199","      2,864","      3,291","         79","      2,587","         99","        526","      4,464","        106","      1,920","        100","      2,338"
"新竹市 / 80-84歲 ","      5,944","        210","      2,933","        151","      2,650","      2,855","        140","      2,031","         93","        591","      3,089","         70","        902","         58","      2,059"
"新竹市 / 85-89歲 ","      3,805","        254","      1,519","         87","      1,945","      2,005","        203","      1,255","         61","        486","      1,800","         51","        264","         26","      1,459"
"新竹市 / 90-94歲 ","      1,371","        127","        397","         29","        818","        700","        102","        347","         17","        234","        671","         25","         50","         12","        584"
"新竹市 / 95-99歲 ","        261","         39","         58","          6","        158","        131","         34","         49","          3","         45","        130","          5","          9","          3","        113"
"新竹市 / 100歲以上 ","         74","         23","         19","          2","         30","         48","         20","         19","          1","          8","         26","          3","          -","          1","         22"
"嘉義市 / 年齡別總計 ","    228,399","     81,811","    113,387","     18,272","     14,929","    110,397","     43,691","     55,812","      8,038","      2,856","    118,002","     38,120","     57,575","     10,234","     12,073"
"嘉義市 / 15-19歲 ","     20,059","     20,019","         38","          2","          -","     10,319","     10,313","          6","          -","          -","      9,740","      9,706","         32","          2","          -"
"嘉義市 / 20-24歲 ","     18,392","     17,870","        452","         70","          -","      9,585","      9,442","        125","         18","          -","      8,807","      8,428","        327","         52","          -"
"嘉義市 / 25-29歲 ","     18,295","     14,913","      2,929","        440","         13","      9,292","      8,119","      1,031","        140","          2","      9,003","      6,794","      1,898","        300","         11"
"嘉義市 / 30-34歲 ","     21,317","     10,742","      9,162","      1,364","         49","     10,443","      6,189","      3,794","        456","          4","     10,874","      4,553","      5,368","        908","         45"
"嘉義市 / 35-39歲 ","     21,396","      6,231","     12,757","      2,296","        112","      9,921","      3,508","      5,482","        920","         11","     11,475","      2,723","      7,275","      1,376","        101"
"嘉義市 / 40-44歲 ","     20,971","      3,813","     14,176","      2,772","        210","      9,736","      2,002","      6,534","      1,172","         28","     11,235","      1,811","      7,642","      1,600","        182"
"嘉義市 / 45-49歲 ","     21,589","      2,901","     14,984","      3,270","        434","     10,413","      1,514","      7,377","      1,455","         67","     11,176","      1,387","      7,607","      1,815","        367"
"嘉義市 / 50-54歲 ","     20,641","      2,111","     14,717","      3,091","        722","     10,026","      1,156","      7,344","      1,424","        102","     10,615","        955","      7,373","      1,667","        620"
"嘉義市 / 55-59歲 ","     18,342","      1,342","     13,378","      2,421","      1,201","      8,953","        655","      6,963","      1,137","        198","      9,389","        687","      6,415","      1,284","      1,003"
"嘉義市 / 60-64歲 ","     15,259","        856","     11,307","      1,434","      1,662","      7,221","        371","      5,893","        716","        241","      8,038","        485","      5,414","        718","      1,421"
"嘉義市 / 65-69歲 ","      9,251","        377","      6,726","        549","      1,599","      4,295","        137","      3,619","        304","        235","      4,956","        240","      3,107","        245","      1,364"
"嘉義市 / 70-74歲 ","      8,287","        228","      5,571","        255","      2,233","      3,673","         88","      3,057","        127","        401","      4,614","        140","      2,514","        128","      1,832"
"嘉義市 / 75-79歲 ","      6,505","        171","      3,754","        165","      2,415","      2,788","         68","      2,156","         78","        486","      3,717","        103","      1,598","         87","      1,929"
"嘉義市 / 80-84歲 ","      4,575","        108","      2,167","         77","      2,223","      2,059","         43","      1,433","         45","        538","      2,516","         65","        734","         32","      1,685"
"嘉義市 / 85-89歲 ","      2,522","         76","      1,011","         44","      1,391","      1,212","         47","        772","         31","        362","      1,310","         29","        239","         13","      1,029"
"嘉義市 / 90-94歲 ","        808","         35","        231","         19","        523","        382","         23","        202","         12","        145","        426","         12","         29","          7","        378"
"嘉義市 / 95-99歲 ","        166","         12","         23","          3","        128","         65","         10","         21","          3","         31","        101","          2","          2","          -","         97"
"嘉義市 / 100歲以上 ","         24","          6","          4","          -","         14","         14","          6","          3","          -","          5","         10","          -","          1","          -","          9"
"金門縣 / 年齡別總計 ","    107,105","     35,036","     59,335","      6,591","      6,143","     53,624","     18,436","     30,725","      3,514","        949","     53,481","     16,600","     28,610","      3,077","      5,194"
"金門縣 / 15-19歲 ","      7,689","      7,676","         12","          1","          -","      3,820","      3,819","          1","          -","          -","      3,869","      3,857","         11","          1","          -"
"金門縣 / 20-24歲 ","     10,225","      9,944","        259","         21","          1","      5,085","      5,010","         69","          6","          -","      5,140","      4,934","        190","         15","          1"
"金門縣 / 25-29歲 ","      9,589","      7,410","      2,059","        117","          3","      4,775","      3,991","        744","         40","          -","      4,814","      3,419","      1,315","         77","          3"
"金門縣 / 30-34歲 ","      9,897","      4,157","      5,404","        323","         13","      4,782","      2,402","      2,259","        118","          3","      5,115","      1,755","      3,145","        205","         10"
"金門縣 / 35-39歲 ","      9,174","      2,154","      6,349","        638","         33","      4,425","      1,194","      2,978","        249","          4","      4,749","        960","      3,371","        389","         29"
"金門縣 / 40-44歲 ","      9,398","      1,380","      6,934","        994","         90","      4,875","        740","      3,593","        525","         17","      4,523","        640","      3,341","        469","         73"
"金門縣 / 45-49歲 ","     10,500","      1,000","      8,123","      1,219","        158","      5,426","        548","      4,203","        655","         20","      5,074","        452","      3,920","        564","        138"
"金門縣 / 50-54歲 ","     10,352","        558","      8,220","      1,260","        314","      5,336","        304","      4,304","        694","         34","      5,016","        254","      3,916","        566","        280"
"金門縣 / 55-59歲 ","      9,970","        364","      7,987","      1,051","        568","      5,174","        184","      4,304","        603","         83","      4,796","        180","      3,683","        448","        485"
"金門縣 / 60-64歲 ","      6,757","        176","      5,278","        592","        711","      3,440","         94","      2,888","        371","         87","      3,317","         82","      2,390","        221","        624"
"金門縣 / 65-69歲 ","      3,875","         59","      3,021","        206","        589","      2,018","         38","      1,766","        142","         72","      1,857","         21","      1,255","         64","        517"
"金門縣 / 70-74歲 ","      3,262","         44","      2,397","         96","        725","      1,661","         35","      1,463","         67","         96","      1,601","          9","        934","         29","        629"
"金門縣 / 75-79歲 ","      2,874","         39","      1,854","         42","        939","      1,470","         32","      1,227","         25","        186","      1,404","          7","        627","         17","        753"
"金門縣 / 80-84歲 ","      1,853","         29","        914","         22","        888","        807","         23","        595","         13","        176","      1,046","          6","        319","          9","        712"
"金門縣 / 85-89歲 ","      1,039","         27","        358","          7","        647","        327","         15","        222","          4","         86","        712","         12","        136","          3","        561"
"金門縣 / 90-94歲 ","        458","         15","        125","          2","        316","        150","          6","         84","          2","         58","        308","          9","         41","          -","        258"
"金門縣 / 95-99歲 ","        139","          2","         31","          -","        106","         35","          -","         18","          -","         17","        104","          2","         13","          -","         89"
"金門縣 / 100歲以上 ","         54","          2","         10","          -","         42","         18","          1","          7","          -","         10","         36","          1","          3","          -","         32"

