https://renewangtw.wordpress.com/2014/01/08/taiwan-%e5%93%88%e8%96%a9%e9%9b%85%e5%85%b6-%e5%be%88%e5%a4%9a%e5%b0%8f%e9%87%8e%e8%8f%8a/,https://renewangtw.wordpress.com/posts/2014/01/08/taiwan-ha-sa-ya-qi-hen-duo-xiao-ye-ju.html
https://renewangtw.wordpress.com/2013/12/30/photos-%e5%87%9d%e8%a6%96/,https://renewangtw.wordpress.com/posts/2013/12/30/photos-ning-shi.html
https://renewangtw.wordpress.com/2013/12/08/taiwan-%e9%80%99%e5%80%8b%e5%a4%8f%e5%a4%a9%e4%b9%9f%e5%be%88%e7%be%8e%e9%ba%97-%e7%b6%a0%e5%9c%88%e5%9c%88%e8%97%9d%e8%a1%93%e5%ad%a3/,https://renewangtw.wordpress.com/posts/2013/12/08/taiwan-zhe-ge-xia-tian-ye-hen-mei-li-lu-quan-quan-yi-shu-ji.html
https://renewangtw.wordpress.com/2009/08/10/prelude-%e6%b5%81%e6%b5%aa%e7%9a%84%e8%b5%b7%e9%bb%9e/,https://renewangtw.wordpress.com/posts/2009/08/10/prelude-liu-lang-de-qi-dian.html
https://renewangtw.wordpress.com/2012/05/01/guest-%e5%85%89%e4%b9%8b%e6%9b%bc%e9%99%80%e7%be%85/,https://renewangtw.wordpress.com/posts/2012/05/01/guest-guang-zhi-man-tuo-luo.html
https://renewangtw.wordpress.com/about/,https://renewangtw.wordpress.com/stories/about.html
https://renewangtw.wordpress.com/2013/05/11/australia-%e4%b8%80%e5%80%8b%e4%ba%ba%e5%92%8c%e7%9b%b8%e6%a9%9f%e5%9c%a8%e5%8d%97%e5%8d%8a%e7%90%83%e6%97%85%e8%a1%8c-%e6%b5%b7%e7%81%98%e5%a4%a7%e8%bb%8a%e6%8b%bc-%e6%9b%bc%e9%ba%97%e6%b5%b7/,https://renewangtw.wordpress.com/posts/2013/05/11/australia-yi-ge-ren-he-xiang-ji-zai-nan-ban-qiu-lu-xing-hai-tan-da-che-pin-man-li-hai.html
https://renewangtw.wordpress.com/2010/08/15/malaysia-%e8%8b%a6%e5%85%92%e8%88%87%e6%ad%b7%e5%8f%b2%e8%a3%a1%e7%9a%84%e5%8f%a4%e8%80%81%e8%a6%8b%e8%ad%89/,https://renewangtw.wordpress.com/posts/2010/08/15/malaysia-ku-er-yu-li-shi-li-de-gu-lao-jian-zheng.html
https://renewangtw.wordpress.com/2011/08/14/home-museum-%e5%ae%b6%e5%ba%ad%e7%be%8e%e8%a1%93%e9%a4%a8/,https://renewangtw.wordpress.com/posts/2011/08/14/home-museum-jia-ting-mei-shu-guan.html
https://renewangtw.wordpress.com/2012/04/17/photographer-%e6%94%9d%e5%bd%b1%e5%b8%ab%e7%9c%bc%e4%b8%ad%e7%9a%84%e4%b8%96%e7%95%8c%e6%9c%ab%e6%97%a5/,https://renewangtw.wordpress.com/posts/2012/04/17/photographer-she-ying-shi-yan-zhong-de-shi-jie-mo-ri.html
https://renewangtw.wordpress.com/2011/11/08/dunk-mug-%e7%b5%a6%e9%a4%85%e4%b9%be%e6%80%aa%e7%8d%b8%e7%9a%84%e8%81%96%e8%aa%95%e7%af%80%e7%a6%ae%e7%89%a9/,https://renewangtw.wordpress.com/posts/2011/11/08/dunk-mug-gei-bing-gan-guai-shou-de-sheng-dan-jie-li-wu.html
https://renewangtw.wordpress.com/tag/rene-ai-xue-xi,/categories/rene-ai-xue-xi.html
https://renewangtw.wordpress.com/2013/03/30/australia-%e4%b8%80%e5%80%8b%e4%ba%ba%e5%92%8c%e7%9b%b8%e6%a9%9f%e5%9c%a8%e5%8d%97%e5%8d%8a%e7%90%83%e6%97%85%e8%a1%8c-%e6%88%91%e6%9b%be%e6%9c%8d%e4%be%8d%e9%81%8e%e8%a2%8b%e9%bc%a0/,https://renewangtw.wordpress.com/posts/2013/03/30/australia-yi-ge-ren-he-xiang-ji-zai-nan-ban-qiu-lu-xing-wo-ceng-fu-shi-guo-dai-shu.html
https://renewangtw.wordpress.com/tag/taiwan,/categories/taiwan.html
https://renewangtw.wordpress.com/2013/03/23/guest-%e5%9b%9e%e9%a1%a7-2012-%e6%88%91%e7%9a%84%e8%a1%8c%e8%a1%8c%e6%94%9d%e6%94%9d/,https://renewangtw.wordpress.com/posts/2013/03/23/guest-hui-gu-2012-wo-de-xing-xing-she-she.html
https://renewangtw.wordpress.com/2013/12/28/taiwan-%e5%9c%a8%e9%9b%b2%e7%9a%84%e9%82%a3%e4%b8%80%e7%ab%af-%e5%b1%b1%e4%b8%8a%e4%ba%ba%e5%ae%b6/,https://renewangtw.wordpress.com/posts/2013/12/28/taiwan-zai-yun-de-na-yi-duan-shan-shang-ren-jia.html
https://renewangtw.wordpress.com/2011/10/29/taiwan-%e4%b8%80%e5%ae%b6%e7%9a%84%e6%94%9d%e5%bd%b1%e9%ad%82-%e6%88%91%e5%80%91%e5%8e%bb%e9%81%8e%e6%9d%b1%e5%8c%97%e8%a7%92/,https://renewangtw.wordpress.com/posts/2011/10/29/taiwan-yi-jia-de-she-ying-hun-wo-men-qu-guo-dong-bei-jiao.html
https://renewangtw.wordpress.com/2010/09/17/every-little-thing-%e6%b0%b4%e9%a4%83%e7%85%8e%e7%85%8e%e7%9a%84/,https://renewangtw.wordpress.com/posts/2010/09/17/every-little-thing-shui-jiao-jian-jian-de.html
https://renewangtw.wordpress.com/2012/07/22/photographer-%e5%a6%82%e7%95%ab%e8%88%ac%e7%b2%be%e5%bf%83%e7%90%a2%e7%a3%a8%e7%9a%84%e7%ab%a5%e8%a9%b1%e4%bd%9c%e5%93%81/,https://renewangtw.wordpress.com/posts/2012/07/22/photographer-ru-hua-ban-jing-xin-zhuo-mo-de-tong-hua-zuo-pin.html
https://renewangtw.wordpress.com/2012/03/11/project-365-renes-project-365/,https://renewangtw.wordpress.com/posts/2012/03/11/project-365-renes-project-365.html
https://renewangtw.wordpress.com/2013/11/16/taiwan-%e5%91%b3%e8%a1%9b%e5%ae%b6%e7%b4%85%e6%9f%bf%e6%83%85-%e5%85%a9%e5%b0%8f%e7%84%a1%e7%8c%9c/,https://renewangtw.wordpress.com/posts/2013/11/16/taiwan-wei-wei-jia-hong-shi-qing-liang-xiao-wu-cai.html
https://renewangtw.wordpress.com/2013/05/03/australia-%e4%b8%80%e5%80%8b%e4%ba%ba%e5%92%8c%e7%9b%b8%e6%a9%9f%e5%9c%a8%e5%8d%97%e5%8d%8a%e7%90%83%e6%97%85%e8%a1%8c-%e6%ad%8c%e5%8a%87%e9%99%a2%e9%ab%94%e9%a9%97%e9%98%bf%e4%bc%8a%e9%81%94/,https://renewangtw.wordpress.com/posts/2013/05/03/australia-yi-ge-ren-he-xiang-ji-zai-nan-ban-qiu-lu-xing-ge-ju-yuan-ti-yan-a-yi-da.html
https://renewangtw.wordpress.com/2010/11/12/we-are-eod-lunch-buddies-follow-up/,https://renewangtw.wordpress.com/posts/2010/11/12/we-are-eod-lunch-buddies-follow-up.html
https://renewangtw.wordpress.com/tag/language,/categories/language.html
https://renewangtw.wordpress.com/2012/10/21/sunday-afternoon-%e5%b9%b8%e7%a6%8f%e7%9a%84%e5%b0%8f%e8%a7%92%e8%90%bd-%e8%87%aa%e7%84%b6%e9%86%92/,https://renewangtw.wordpress.com/posts/2012/10/21/sunday-afternoon-xing-fu-de-xiao-jiao-luo-zi-ran-xing.html
https://renewangtw.wordpress.com/2011/06/30/orchid-island-%e6%93%81%e6%8a%b1%e9%82%a3%e4%b8%80%e7%89%87%e6%b9%9b%e8%97%8d-%e8%98%ad%e5%b6%bc%e5%93%87%e5%93%87%e5%93%87/,https://renewangtw.wordpress.com/posts/2011/06/30/orchid-island-yong-bao-na-yi-pian-zhan-lan-lan-yu-wa-wa-wa.html
https://renewangtw.wordpress.com/2010/10/22/cambodia-%e4%b8%80%e4%b8%8d%e5%b0%8f%e5%bf%83%e5%b0%b1%e8%ae%8a%e6%88%90%e8%b2%b4%e5%a9%a6%e8%a1%8c%e7%9a%84%e5%be%ae%e7%ac%91%e5%90%b3%e5%93%a5/,https://renewangtw.wordpress.com/posts/2010/10/22/cambodia-yi-bu-xiao-xin-jiu-bian-cheng-gui-fu-xing-de-wei-xiao-wu-ge.html
https://renewangtw.wordpress.com/tag/movie,/categories/movie.html
https://renewangtw.wordpress.com/tag/australia,/categories/australia.html
https://renewangtw.wordpress.com/tag/cambodia,/categories/cambodia.html
https://renewangtw.wordpress.com/2012/09/16/taiwan-%e9%82%a3%e5%80%8b%e7%84%a1%e6%b3%95%e5%86%8d%e5%ae%b9%e7%b4%8d%e8%a8%98%e6%86%b6%e7%9a%84%e5%9c%b0%e6%96%b9-%e5%8f%b0%e5%8c%97%e6%a9%9f%e5%bb%a0/,https://renewangtw.wordpress.com/posts/2012/09/16/taiwan-na-ge-wu-fa-zai-rong-na-ji-yi-de-di-fang-tai-bei-ji-chang.html
https://renewangtw.wordpress.com/2014/01/21/cook-%e5%aa%bd%e5%aa%bd%e7%9a%84%e5%bb%9a%e6%88%bf-%e5%be%9e%e5%b1%b1%e4%b8%8a%e4%be%86%e7%9a%84%e9%81%8e%e8%b2%93/,https://renewangtw.wordpress.com/posts/2014/01/21/cook-ma-ma-de-chu-fang-cong-shan-shang-lai-de-guo-mao.html
https://renewangtw.wordpress.com/2011/04/09/tower-of-babel-%e6%ad%a1%e6%a8%82%e8%a5%bf%e7%8f%ad%e7%89%99%e6%96%87%e8%aa%b2-%e6%b7%b7%e4%ba%82%e7%9a%84%e5%b7%b4%e5%88%a5%e5%a1%94/,https://renewangtw.wordpress.com/posts/2011/04/09/tower-of-babel-huan-le-xi-ban-ya-wen-ke-hun-luan-de-ba-bie-ta.html
https://renewangtw.wordpress.com/2013/06/17/australia-%e4%b8%80%e5%80%8b%e4%ba%ba%e5%92%8c%e7%9b%b8%e6%a9%9f%e5%9c%a8%e5%8d%97%e5%8d%8a%e7%90%83%e6%97%85%e8%a1%8c-%e6%92%92%e9%ad%af%e5%92%8c%e5%b0%8f%e6%84%a3%e7%9a%84%e8%97%8d%e5%b1%b1/,https://renewangtw.wordpress.com/posts/2013/06/17/australia-yi-ge-ren-he-xiang-ji-zai-nan-ban-qiu-lu-xing-sa-lu-he-xiao-leng-de-lan-shan.html
https://renewangtw.wordpress.com/2013/05/18/australia-%e4%b8%80%e5%80%8b%e4%ba%ba%e5%92%8c%e7%9b%b8%e6%a9%9f%e5%9c%a8%e5%8d%97%e5%8d%8a%e7%90%83%e6%97%85%e8%a1%8c-%e6%88%91%e5%9c%a8%e4%ba%9e%e6%8b%89%e6%b2%b3%e7%95%94/,https://renewangtw.wordpress.com/posts/2013/05/18/australia-yi-ge-ren-he-xiang-ji-zai-nan-ban-qiu-lu-xing-wo-zai-ya-la-he-pan.html
https://renewangtw.wordpress.com/2014/02/10/photos-%e5%95%8a%ef%bc%81%e7%9b%b8%e6%a9%9f%e8%a2%ab%e5%81%b7%e5%95%a6%ef%bc%81%e6%b2%92%e9%97%9c%e4%bf%82%ef%bc%8c%e4%b8%8a%e7%b6%b2%e6%89%be%e6%89%be%e7%9c%8b%ef%bc%81%ef%bc%88lenstag-com%ef%bc%89/,https://renewangtw.wordpress.com/posts/2014/02/10/photos-a-xiang-ji-bei-tou-la-mei-guan-xi-shang-wang-zhao-zhao-kan-lenstag-com.html
https://renewangtw.wordpress.com/2012/05/25/almond-tart-%e6%b3%95%e5%bc%8f%e6%b4%8b%e6%a2%a8%e5%a1%94-2-0-%e5%b0%b1%e6%98%af%e7%83%a4%e5%9c%b0%e5%be%88%e5%a5%bd%e5%a1%94/,https://renewangtw.wordpress.com/posts/2012/05/25/almond-tart-fa-shi-yang-li-ta-2-0-jiu-shi-kao-di-hen-hao-ta.html
https://renewangtw.wordpress.com/2010/12/18/design-%e8%b7%b3%e5%87%ba%e5%82%b3%e7%b5%b1%e6%80%9d%e8%80%83%e7%9a%84%e6%a1%86%e6%9e%b6/,https://renewangtw.wordpress.com/posts/2010/12/18/design-tiao-chu-chuan-tong-si-kao-de-kuang-jia.html
https://renewangtw.wordpress.com/2013/06/13/taipei-%e5%9c%a8%e4%b8%8b%e9%9b%a8%e7%9a%84%e5%8f%b0%e5%8c%97%e5%8d%88%e5%be%8c%ef%bc%8c%e6%88%91%e6%83%b3%e5%bf%b5/,https://renewangtw.wordpress.com/posts/2013/06/13/taipei-zai-xia-yu-de-tai-bei-wu-hou-wo-xiang-nian.html
https://renewangtw.wordpress.com/2012/05/11/taiwan-%e5%b0%8f%e5%a7%90%e8%88%87%e6%b5%81%e6%b0%93-%e5%b8%b6-oreo-%e9%80%9b%e6%98%8e%e6%b1%a0/,https://renewangtw.wordpress.com/posts/2012/05/11/taiwan-xiao-jie-yu-liu-mang-dai-oreo-guang-ming-chi.html
https://renewangtw.wordpress.com/2009/08/31/chicago-st-paddys-green/,https://renewangtw.wordpress.com/posts/2009/08/31/chicago-st-paddys-green.html
https://renewangtw.wordpress.com/tag/technology,/categories/technology.html
https://renewangtw.wordpress.com/2012/04/08/sound-of-music-%e7%84%a1%e6%95%b5%e6%ad%a1%e6%a8%82%e7%9a%84%e7%9c%9f%e5%96%84%e7%be%8e-k-%e6%ad%8c%e5%a0%b4/,https://renewangtw.wordpress.com/posts/2012/04/08/sound-of-music-wu-di-huan-le-de-zhen-shan-mei-k-ge-chang.html
https://renewangtw.wordpress.com/2012/03/25/treacle-tart-%e5%93%88%e5%88%a9%e6%b3%a2%e7%89%b9%e7%9a%84%e7%b3%96%e6%bc%bf%e5%a1%94/,https://renewangtw.wordpress.com/posts/2012/03/25/treacle-tart-ha-li-bo-te-de-tang-jiang-ta.html
https://renewangtw.wordpress.com/2009/09/30/chicago-%e5%90%b6%e5%96%8a/,https://renewangtw.wordpress.com/posts/2009/09/30/chicago-ne-han.html
https://renewangtw.wordpress.com/2012/03/16/oreo-oreo-%e7%9a%84%e6%99%82%e5%b0%9a%e8%81%96%e7%b6%93/,https://renewangtw.wordpress.com/posts/2012/03/16/oreo-oreo-de-shi-shang-sheng-jing.html
https://renewangtw.wordpress.com/2011/07/19/sponge-cake-%e6%8b%af%e6%95%91%e6%b5%b7%e7%b6%bf%e8%9b%8b%e7%b3%95%e5%a4%a7%e4%bd%9c%e6%88%b0/,https://renewangtw.wordpress.com/posts/2011/07/19/sponge-cake-zheng-jiu-hai-mian-dan-gao-da-zuo-zhan.html
https://renewangtw.wordpress.com/2011/05/15/lost-and-found-%e8%b7%af%e4%b8%8a%e6%92%bf%e5%88%b0%e4%b8%80%e9%9a%bb%e8%b2%93/,https://renewangtw.wordpress.com/posts/2011/05/15/lost-and-found-lu-shang-jian-dao-yi-zhi-mao.html
https://renewangtw.wordpress.com/tag/handcraft,/categories/handcraft.html
https://renewangtw.wordpress.com/2014/02/03/taiwan-%e7%a6%8f%e5%a3%bd%e5%b1%b1%e4%b8%8a-%e9%83%bd%e6%98%af%e6%b3%a2%e6%96%af%e8%8f%8a%ef%bc%88%e9%82%84%e6%9c%89%e8%98%8b%e6%9e%9c%ef%bc%81%ef%bc%89/,https://renewangtw.wordpress.com/posts/2014/02/03/taiwan-fu-shou-shan-shang-du-shi-bo-si-ju-huan-you-pin-guo.html
https://renewangtw.wordpress.com/2011/07/29/orchid-island-%e6%93%81%e6%8a%b1%e9%82%a3%e4%b8%80%e7%89%87%e6%b9%9b%e8%97%8d-%e8%98%ad%e5%b6%bc%e5%a5%bd%e5%a5%bd%e5%90%83/,https://renewangtw.wordpress.com/posts/2011/07/29/orchid-island-yong-bao-na-yi-pian-zhan-lan-lan-yu-hao-hao-chi.html
https://renewangtw.wordpress.com/2012/07/02/taiwan-%e6%84%9b%e4%bd%9c%e7%99%bd%e6%97%a5%e5%a4%a2%e7%9a%84%e6%98%9f%e6%9c%9f%e6%97%a5-%e5%85%a7%e6%b4%9e%e7%80%91%e5%b8%83/,https://renewangtw.wordpress.com/posts/2012/07/02/taiwan-ai-zuo-bai-ri-meng-de-xing-qi-ri-nei-dong-pu-bu.html
https://renewangtw.wordpress.com/2011/09/18/orchid-island-%e6%93%81%e6%8a%b1%e9%82%a3%e4%b8%80%e7%89%87%e6%b9%9b%e8%97%8d-%e8%98%ad%e5%b6%bc%e6%84%9b%e4%ba%82%e8%b7%91/,https://renewangtw.wordpress.com/posts/2011/09/18/orchid-island-yong-bao-na-yi-pian-zhan-lan-lan-yu-ai-luan-pao.html
https://renewangtw.wordpress.com/2014/04/24/taiwan-%e4%b8%8d%e4%b8%80%e6%a8%a3%e7%9a%84%e8%98%ad%e9%99%bd%e9%a2%a8%e6%83%85-%e7%83%8f%e7%9f%b3%e6%b8%af%e5%92%8c%e5%80%92%e4%b8%8b%e7%9a%84%e5%8d%9a%e7%89%a9%e9%a4%a8/,https://renewangtw.wordpress.com/posts/2014/04/24/taiwan-bu-yi-yang-de-lan-yang-feng-qing-wu-shi-gang-he-dao-xia-de-bo-wu-guan.html
https://renewangtw.wordpress.com/2010/09/27/cambodia-%e4%b8%80%e4%b8%8d%e5%b0%8f%e5%bf%83%e5%b0%b1%e8%ae%8a%e6%88%90%e8%b2%b4%e5%a9%a6%e8%a1%8c%e7%9a%84%e6%9f%ac%e5%9f%94%e5%af%a8%e4%b9%8b%e6%97%85/,https://renewangtw.wordpress.com/posts/2010/09/27/cambodia-yi-bu-xiao-xin-jiu-bian-cheng-gui-fu-xing-de-jian-bu-zhai-zhi-lu.html
https://renewangtw.wordpress.com/2011/05/22/taiwan-%e8%b2%93%e4%b9%8b%e6%9d%91/,https://renewangtw.wordpress.com/posts/2011/05/22/taiwan-mao-zhi-cun.html
https://renewangtw.wordpress.com/2014/04/12/taiwan-%e8%88%87%e8%90%8d%e8%93%ac%e8%8d%89%e8%90%8d%e6%b0%b4%e7%9b%b8%e9%80%a2/,https://renewangtw.wordpress.com/posts/2014/04/12/taiwan-yu-ping-peng-cao-ping-shui-xiang-feng.html
https://renewangtw.wordpress.com/2015/05/24/chickenosaurus-%e6%a0%bc%e8%98%ad%e5%8d%9a%e5%a3%ab%e7%9a%84%e4%be%8f%e7%be%85%e9%9b%9e%e5%85%ac%e5%9c%92/,https://renewangtw.wordpress.com/posts/2015/05/24/chickenosaurus-ge-lan-bo-shi-de-zhu-luo-ji-gong-yuan.html
https://renewangtw.wordpress.com/2013/07/01/australia-%e4%b8%80%e5%80%8b%e4%ba%ba%e5%92%8c%e7%9b%b8%e6%a9%9f%e5%9c%a8%e5%8d%97%e5%8d%8a%e7%90%83%e6%97%85%e8%a1%8c-%e6%be%b3%e6%b4%b2%e5%9c%8b%e6%b0%91%e5%b0%8f%e5%90%83-harrys-cafe-de-whe/,https://renewangtw.wordpress.com/posts/2013/07/01/australia-yi-ge-ren-he-xiang-ji-zai-nan-ban-qiu-lu-xing-ao-zhou-guo-min-xiao-chi-harrys-cafe-de-whe.html
https://renewangtw.wordpress.com/2012/12/15/juming-%e8%b3%aa%e6%a8%b8%e8%80%8c%e4%b8%8d%e8%8f%af%e9%ba%97-%e6%9c%b1%e9%8a%98%e7%be%8e%e8%a1%93%e9%a4%a8/,https://renewangtw.wordpress.com/posts/2012/12/15/juming-zhi-pu-er-bu-hua-li-zhu-ming-mei-shu-guan.html
https://renewangtw.wordpress.com/2014/01/01/cook-%e8%aa%b0%e7%9f%a5%e7%9b%a4%e4%b8%ad%e9%a3%a7%ef%bc%8c%e7%b2%92%e7%b2%92%e7%9a%86%e8%be%9b%e8%8b%a6/,https://renewangtw.wordpress.com/posts/2014/01/01/cook-shui-zhi-pan-zhong-sun-li-li-jie-xin-ku.html
https://renewangtw.wordpress.com/tag/america,/categories/america.html
https://renewangtw.wordpress.com/tag/interior-design,/categories/interior-design.html
https://renewangtw.wordpress.com/2014/03/09/taiwan-%e6%98%a5%e6%ab%bb/,https://renewangtw.wordpress.com/posts/2014/03/09/taiwan-chun-ying.html
https://renewangtw.wordpress.com/tag/shopaholic,/categories/shopaholic.html
https://renewangtw.wordpress.com/2013/12/02/photos-%e7%88%b8%e7%88%b8%e7%9a%84%e6%94%9d%e5%bd%b1%e6%95%99%e5%ae%a4-%e8%92%b2%e5%85%ac%e8%8b%b1%e7%9a%84%e6%8b%8d%e6%94%9d%e6%96%b9%e6%b3%95/,https://renewangtw.wordpress.com/posts/2013/12/02/photos-ba-ba-de-she-ying-jiao-shi-pu-gong-ying-de-pai-she-fang-fa.html
https://renewangtw.wordpress.com/2012/09/02/chit-chat-%e5%80%92%e6%95%b8/,https://renewangtw.wordpress.com/posts/2012/09/02/chit-chat-dao-shu.html
https://renewangtw.wordpress.com/2010/12/27/hongkong-macau-%e6%88%91%e8%a6%81%e6%88%90%e7%82%ba%e7%99%be%e8%90%ac%e5%af%8c%e7%bf%81%e4%b9%8b%e6%b8%af%e6%be%b3%e8%b6%b4%e8%b6%b4%e8%b5%b0/,https://renewangtw.wordpress.com/posts/2010/12/27/hongkong-macau-wo-yao-cheng-wei-bai-wan-fu-weng-zhi-gang-ao-pa-pa-zou.html
https://renewangtw.wordpress.com/2012/04/22/marilyn-%e5%a4%a2%e9%9c%b2%e8%88%87%e6%88%91%e7%9a%84%e6%b5%aa%e6%bc%ab%e9%80%b1%e8%a8%98-%e5%bf%83%e7%a2%8e%e6%bb%8b%e5%91%b3/,https://renewangtw.wordpress.com/posts/2012/04/22/marilyn-meng-lu-yu-wo-de-lang-man-zhou-ji-xin-sui-zi-wei.html
https://renewangtw.wordpress.com/2011/02/28/pound-cake-%e6%88%91%e5%be%88%e9%86%9c%e5%8f%af%e6%98%af%e6%88%91%e5%be%88%e5%a5%bd%e5%90%83/,https://renewangtw.wordpress.com/posts/2011/02/28/pound-cake-wo-hen-chou-ke-shi-wo-hen-hao-chi.html
https://renewangtw.wordpress.com/tag/malaysia,/categories/malaysia.html
https://renewangtw.wordpress.com/2011/11/06/perfect-sense-%e5%9c%a8%e6%9c%ab%e6%97%a5%ef%bc%8c%e6%88%91%e5%80%91%e7%9b%b8%e6%84%9b/,https://renewangtw.wordpress.com/posts/2011/11/06/perfect-sense-zai-mo-ri-wo-men-xiang-ai.html
https://renewangtw.wordpress.com/2013/05/25/taiwan-%e8%ae%93%e6%88%91%e5%80%91%e4%b8%80%e8%b5%b7%e5%be%80%e5%89%8d%e8%b5%b0-oreo-%e8%b3%9e%e6%a1%90%e8%8a%b1/,https://renewangtw.wordpress.com/posts/2013/05/25/taiwan-rang-wo-men-yi-qi-wang-qian-zou-oreo-shang-tong-hua.html
https://renewangtw.wordpress.com/2013/04/28/australia-%e4%b8%80%e5%80%8b%e4%ba%ba%e5%92%8c%e7%9b%b8%e6%a9%9f%e5%9c%a8%e5%8d%97%e5%8d%8a%e7%90%83%e6%97%85%e8%a1%8c-%e9%bb%83%e9%87%91%e5%82%b3%e8%aa%aa-sovereign-hill/,https://renewangtw.wordpress.com/posts/2013/04/28/australia-yi-ge-ren-he-xiang-ji-zai-nan-ban-qiu-lu-xing-huang-jin-chuan-shuo-sovereign-hill.html
https://renewangtw.wordpress.com/2012/11/06/scone-%e9%82%a3%e4%ba%9b%e9%83%bd%e6%98%af%e5%8f%b8%e5%ba%b7%e7%9a%84%e5%8d%88%e5%be%8c%e6%99%82%e5%85%89/,https://renewangtw.wordpress.com/posts/2012/11/06/scone-na-xie-du-shi-si-kang-de-wu-hou-shi-guang.html
https://renewangtw.wordpress.com/2010/08/14/malaysia-%e8%8b%a6%e5%85%92%e8%88%87%e8%98%ad%e5%8d%a1%e5%a8%81%e7%9a%84%e7%85%99%e6%b3%a2%e8%97%8d/,https://renewangtw.wordpress.com/posts/2010/08/14/malaysia-ku-er-yu-lan-qia-wei-de-yan-bo-lan.html
https://renewangtw.wordpress.com/2009/09/30/intermission-%e6%97%85%e9%80%94%e4%b8%ad%e7%9a%84%e9%81%8e%e5%ae%a2/,https://renewangtw.wordpress.com/posts/2009/09/30/intermission-lu-tu-zhong-de-guo-ke.html
https://renewangtw.wordpress.com/2012/02/27/the-artist-%e6%9c%89%e6%99%82%e7%84%a1%e8%81%b2%e5%8b%9d%e6%9c%89%e8%81%b2-%e5%a4%a7%e8%97%9d%e8%a1%93%e5%ae%b6/,https://renewangtw.wordpress.com/posts/2012/02/27/the-artist-you-shi-wu-sheng-sheng-you-sheng-da-yi-shu-jia.html
https://renewangtw.wordpress.com/2012/11/11/australia-%e4%b8%80%e5%80%8b%e4%ba%ba%e5%92%8c%e7%9b%b8%e6%a9%9f%e5%9c%a8%e5%8d%97%e5%8d%8a%e7%90%83%e6%97%85%e8%a1%8c-%e8%92%b8%e6%b1%bd%e5%b0%8f%e7%81%ab%e8%bb%8a/,https://renewangtw.wordpress.com/posts/2012/11/11/australia-yi-ge-ren-he-xiang-ji-zai-nan-ban-qiu-lu-xing-zheng-qi-xiao-huo-che.html
https://renewangtw.wordpress.com/2012/11/17/plants-%e6%a4%8d%e7%89%a9%e6%ae%ba%e6%89%8b%e7%9a%84%e7%a6%8f%e9%9f%b3/,https://renewangtw.wordpress.com/posts/2012/11/17/plants-zhi-wu-sha-shou-de-fu-yin.html
https://renewangtw.wordpress.com/2012/09/23/keane-%e5%b8%8c%e6%9c%9b%e8%88%87%e6%81%90%e6%87%bc/,https://renewangtw.wordpress.com/posts/2012/09/23/keane-xi-wang-yu-kong-ju.html
https://renewangtw.wordpress.com/tag/opera,/categories/opera.html
https://renewangtw.wordpress.com/2011/04/19/hongkong-macau-%e6%88%91%e8%a6%81%e6%88%90%e7%82%ba%e7%99%be%e8%90%ac%e5%af%8c%e7%bf%81%e4%b9%8b%e6%b8%af%e6%be%b3%e8%b6%b4%e8%b6%b4%e8%b5%b0-%e5%90%91%e7%be%8e%e5%91%b3%e8%b1%ac/,https://renewangtw.wordpress.com/posts/2011/04/19/hongkong-macau-wo-yao-cheng-wei-bai-wan-fu-weng-zhi-gang-ao-pa-pa-zou-xiang-mei-wei-zhu.html
https://renewangtw.wordpress.com/2013/11/28/kyoto-%e4%ba%ac%e9%83%bd%e9%80%9f%e5%af%ab-%e5%be%80%e9%9e%8d%e9%a6%ac%e7%9a%84%e5%88%97%e8%bb%8a/,https://renewangtw.wordpress.com/posts/2013/11/28/kyoto-jing-du-su-xie-wang-an-ma-de-lie-che.html
https://renewangtw.wordpress.com/2013/04/20/australia-%e4%b8%80%e5%80%8b%e4%ba%ba%e5%92%8c%e7%9b%b8%e6%a9%9f%e5%9c%a8%e5%8d%97%e5%8d%8a%e7%90%83%e6%97%85%e8%a1%8c-%e8%88%87%e5%b0%8f%e4%bc%81%e9%b5%9d%e7%9b%b8%e9%81%87-st-kilda-%ef%bc%86ph/,https://renewangtw.wordpress.com/posts/2013/04/20/australia-yi-ge-ren-he-xiang-ji-zai-nan-ban-qiu-lu-xing-yu-xiao-qi-e-xiang-yu-st-kilda-ph.html
https://renewangtw.wordpress.com/2013/01/19/australia-%e4%b8%80%e5%80%8b%e4%ba%ba%e5%92%8c%e7%9b%b8%e6%a9%9f%e5%9c%a8%e5%8d%97%e5%8d%8a%e7%90%83%e6%97%85%e8%a1%8c-%e5%9f%8e%e5%b8%82%e5%8d%b0%e8%b1%a1%e5%a2%a8%e7%88%be%e6%9c%ac/,https://renewangtw.wordpress.com/posts/2013/01/19/australia-yi-ge-ren-he-xiang-ji-zai-nan-ban-qiu-lu-xing-cheng-shi-yin-xiang-mo-er-ben.html
https://renewangtw.wordpress.com/2013/07/15/australia-%e4%b8%80%e5%80%8b%e4%ba%ba%e5%92%8c%e7%9b%b8%e6%a9%9f%e5%9c%a8%e5%8d%97%e5%8d%8a%e7%90%83%e6%97%85%e8%a1%8c-%e9%9d%92%e5%b9%b4%e6%97%85%e9%a4%a8%e5%88%9d%e9%ab%94%e9%a9%97/,https://renewangtw.wordpress.com/posts/2013/07/15/australia-yi-ge-ren-he-xiang-ji-zai-nan-ban-qiu-lu-xing-qing-nian-lu-guan-chu-ti-yan.html
https://renewangtw.wordpress.com/tag/memphis,/categories/memphis.html
https://renewangtw.wordpress.com/2012/02/17/uggie-oreo-campaign-for-consider-oreo/,https://renewangtw.wordpress.com/posts/2012/02/17/uggie-oreo-campaign-for-consider-oreo.html
https://renewangtw.wordpress.com/2011/01/24/mi-espanol-clase-me-gusta-estudiar-espanol/,https://renewangtw.wordpress.com/posts/2011/01/24/mi-espanol-clase-me-gusta-estudiar-espanol.html
https://renewangtw.wordpress.com/2012/08/26/guest-%e7%95%b6%e8%a5%bf%e7%8f%ad%e7%89%99%e8%aa%b2%e5%92%8c%e8%b6%b3%e7%90%83%e7%9b%b8%e9%81%87/,https://renewangtw.wordpress.com/posts/2012/08/26/guest-dang-xi-ban-ya-ke-he-zu-qiu-xiang-yu.html
https://renewangtw.wordpress.com/tag/rene-ai-sheng-huo,/categories/rene-ai-sheng-huo.html
https://renewangtw.wordpress.com/2013/04/05/taiwan-%e6%98%9f%e6%9c%9f%e5%a4%a9%ef%bc%8c%e8%80%81%e6%a2%85%e3%80%82%e6%b7%b1%e6%b7%b1%e6%b7%b1%e5%91%bc%e5%90%b8/,https://renewangtw.wordpress.com/posts/2013/04/05/taiwan-xing-qi-tian-lao-mei-shen-shen-shen-hu-xi.html
https://renewangtw.wordpress.com/2011/10/22/elephant-play-%e9%85%b7%e7%8e%a9%e7%9a%84%e5%a4%a7%e8%b1%a1%e5%a4%a9%e5%a0%82/,https://renewangtw.wordpress.com/posts/2011/10/22/elephant-play-ku-wan-de-da-xiang-tian-tang.html
https://renewangtw.wordpress.com/2013/06/03/australia-%e4%b8%80%e5%80%8b%e4%ba%ba%e5%92%8c%e4%bf%a1%e7%94%a8%e5%8d%a1%e5%9c%a8%e5%8d%97%e5%8d%8a%e7%90%83%e6%97%85%e8%a1%8c-%e8%b3%bc%e7%89%a9%e5%93%aa%e8%a3%a1%e5%8e%bb/,https://renewangtw.wordpress.com/posts/2013/06/03/australia-yi-ge-ren-he-xin-yong-qia-zai-nan-ban-qiu-lu-xing-gou-wu-na-li-qu.html
https://renewangtw.wordpress.com/2011/08/21/michel-camilo-%e4%b8%80%e5%80%8b%e7%be%8e%e5%a5%bd%e7%9a%84%e7%88%b5%e5%a3%ab%e4%b8%8b%e5%8d%88/,https://renewangtw.wordpress.com/posts/2011/08/21/michel-camilo-yi-ge-mei-hao-de-jue-shi-xia-wu.html
https://renewangtw.wordpress.com/tag/fashion-design,/categories/fashion-design.html
https://renewangtw.wordpress.com/tag/art,/categories/art.html
https://renewangtw.wordpress.com/2011/06/02/copa-del-rey-%e6%8b%89%e8%8e%ab%e6%96%af%e9%a2%a8%e6%bd%ae/,https://renewangtw.wordpress.com/posts/2011/06/02/copa-del-rey-la-mo-si-feng-chao.html
https://renewangtw.wordpress.com/2010/11/16/vincere-%e7%8d%a8%e8%a3%81%e8%80%85%e8%ba%ab%e5%be%8c%e7%9a%84%e5%a5%b3%e4%ba%ba/,https://renewangtw.wordpress.com/posts/2010/11/16/vincere-du-cai-zhe-shen-hou-de-nu-ren.html
https://renewangtw.wordpress.com/2012/01/15/kelly-moore-%e4%b8%80%e8%b5%b7%e4%be%86%e6%95%97%e5%ae%b6%e5%90%a7%e6%94%9d%e5%bd%b1%e9%81%94%e4%ba%ba%e7%9a%84%e6%99%82%e5%b0%9a%e7%9b%b8%e6%a9%9f%e5%8c%85/,https://renewangtw.wordpress.com/posts/2012/01/15/kelly-moore-yi-qi-lai-bai-jia-ba-she-ying-da-ren-de-shi-shang-xiang-ji-bao.html
https://renewangtw.wordpress.com/2011/01/10/hongkong-macau-%e6%88%91%e8%a6%81%e6%88%90%e7%82%ba%e7%99%be%e8%90%ac%e5%af%8c%e7%bf%81%e4%b9%8b%e6%b8%af%e6%be%b3%e8%b6%b4%e8%b6%b4%e8%b5%b0-%e8%b3%bd%e9%a6%ac%e5%85%a8%e7%b4%80/,https://renewangtw.wordpress.com/posts/2011/01/10/hongkong-macau-wo-yao-cheng-wei-bai-wan-fu-weng-zhi-gang-ao-pa-pa-zou-sai-ma-quan-ji.html
https://renewangtw.wordpress.com/2011/11/20/devils-share-%e6%92%92%e9%ad%af%e5%85%88%e7%94%9f%e8%88%87%e5%b0%8f%e6%84%a3%e7%9a%84%e5%93%b2%e5%ad%b8%e5%b0%8d%e8%a9%b1/,https://renewangtw.wordpress.com/posts/2011/11/20/devils-share-sa-lu-xian-sheng-yu-xiao-leng-de-zhe-xue-dui-hua.html
https://renewangtw.wordpress.com/2010/10/02/window-shopping-diva-chair-%e7%9a%84-fashion-show/,https://renewangtw.wordpress.com/posts/2010/10/02/window-shopping-diva-chair-de-fashion-show.html
https://renewangtw.wordpress.com/2011/07/05/football-%e6%88%91%e4%b9%9f%e5%9c%a8%e5%a0%b4%e5%96%94%ef%bc%81/,https://renewangtw.wordpress.com/posts/2011/07/05/football-wo-ye-zai-chang-wo.html
https://renewangtw.wordpress.com/2010/10/08/eat-pray-love-%e4%ba%ab%e5%8f%97%e5%90%a7%e4%b8%80%e5%80%8b%e4%ba%ba%e7%9a%84%e6%97%85%e8%a1%8c/,https://renewangtw.wordpress.com/posts/2010/10/08/eat-pray-love-xiang-shou-ba-yi-ge-ren-de-lu-xing.html
https://renewangtw.wordpress.com/2013/08/21/australia-%e4%b8%80%e5%80%8b%e4%ba%ba%e5%92%8c%e7%9b%b8%e6%a9%9f%e5%9c%a8%e5%8d%97%e5%8d%8a%e7%90%83%e6%97%85%e8%a1%8c-%e6%97%85%e7%a8%8b%e7%9a%84%e7%b5%82%e9%bb%9e/,https://renewangtw.wordpress.com/posts/2013/08/21/australia-yi-ge-ren-he-xiang-ji-zai-nan-ban-qiu-lu-xing-lu-cheng-de-zhong-dian.html
https://renewangtw.wordpress.com/2013/12/25/xmas-%e7%be%8e%e5%a5%bd%e7%9a%84%e7%ab%a5%e8%a9%b1%e9%83%bd%e7%99%bc%e7%94%9f%e5%9c%a8%e5%b0%b1%e5%af%a2%e5%be%8c/,https://renewangtw.wordpress.com/posts/2013/12/25/xmas-mei-hao-de-tong-hua-du-fa-sheng-zai-jiu-qin-hou.html
https://renewangtw.wordpress.com/2011/10/05/puss-in-cafe-%e8%b2%93%e5%92%aa%e5%85%88%e7%94%9f%e7%9a%84%e5%8f%8b%e9%81%94/,https://renewangtw.wordpress.com/posts/2011/10/05/puss-in-cafe-mao-mi-xian-sheng-de-you-da.html
https://renewangtw.wordpress.com/2013/11/20/kyoto-%e4%ba%ac%e9%83%bd%e9%80%9f%e5%af%ab-%e5%b7%b7%e5%bc%84%e9%96%93%e7%9a%84%e5%85%89%e5%bd%b1%e6%95%85%e4%ba%8b/,https://renewangtw.wordpress.com/posts/2013/11/20/kyoto-jing-du-su-xie-xiang-nong-jian-de-guang-ying-gu-shi.html
https://renewangtw.wordpress.com/2012/07/15/taiwan-%e5%a6%82%e7%9f%b3%e9%a0%ad%e8%88%ac%e5%a0%85%e5%ae%9a%e7%9a%84%e4%bf%a1%e4%bb%b0-%e5%9f%ba%e5%9c%8b%e6%b4%be%e7%9f%b3%e9%a0%ad%e6%95%99%e5%a0%82/,https://renewangtw.wordpress.com/posts/2012/07/15/taiwan-ru-shi-tou-ban-jian-ding-de-xin-yang-ji-guo-pai-shi-tou-jiao-tang.html
https://renewangtw.wordpress.com/2013/08/11/taiwan-%e5%b7%b7%e5%bc%84%e9%96%93%e7%9a%84%e5%8f%a4%e5%be%80%e4%bb%8a%e4%be%86-%e5%8f%b0%e5%8c%97%e5%a4%a7%e7%a8%bb%e5%9f%95/,https://renewangtw.wordpress.com/posts/2013/08/11/taiwan-xiang-nong-jian-de-gu-wang-jin-lai-tai-bei-da-dao-cheng.html
https://renewangtw.wordpress.com/tag/rene-ai-luan-chi,/categories/rene-ai-luan-chi.html
https://renewangtw.wordpress.com/2011/04/02/taiwan-expatriates-%e7%ab%99%e5%9c%a8-9%e5%8f%8834%e6%9c%88%e5%8f%b0%e4%b8%8a%e7%ad%89%e5%be%85%e8%91%97/,https://renewangtw.wordpress.com/posts/2011/04/02/taiwan-expatriates-zhan-zai-9you-34yue-tai-shang-deng-dai-zhu.html
https://renewangtw.wordpress.com/2015/02/16/islamophobia-%e7%b5%a6%e6%9f%a5%e7%90%86%ef%bc%8c%e9%80%9d%e5%8e%bb%e7%9a%84%e9%82%84%e6%9c%89%e4%bb%8d%e7%84%b6%e6%b4%bb%e8%91%97%e7%9a%84/,https://renewangtw.wordpress.com/posts/2015/02/16/islamophobia-gei-cha-li-shi-qu-de-huan-you-reng-ran-huo-zhu-de.html
https://renewangtw.wordpress.com/2012/03/04/magic-hours-%e9%ad%94%e6%b3%95%e7%83%98%e5%9f%b9%e5%81%87%e6%9c%9f-%e6%b3%95%e5%bc%8f%e6%b4%8b%e6%a2%a8%e5%a1%94/,https://renewangtw.wordpress.com/posts/2012/03/04/magic-hours-mo-fa-hong-pei-jia-qi-fa-shi-yang-li-ta.html
https://renewangtw.wordpress.com/tag/draft,/categories/draft.html
https://renewangtw.wordpress.com/2012/12/05/rowling-%e7%84%a1%e6%b3%95%e5%bd%8c%e8%a3%9c%e7%9a%84%e7%a9%ba%e7%bc%ba-the-casual-vacancy-%e8%87%a8%e6%99%82%e7%a9%ba%e7%bc%ba/,https://renewangtw.wordpress.com/posts/2012/12/05/rowling-wu-fa-mi-bu-de-kong-que-the-casual-vacancy-lin-shi-kong-que.html
https://renewangtw.wordpress.com/2011/12/02/taiwan-%e4%b8%80%e5%ae%b6%e7%9a%84%e6%94%9d%e5%bd%b1%e9%ad%82-%e9%a2%a8%e9%9b%a8%e7%84%a1%e9%98%bb%e7%9a%84%e8%8a%b1%e8%93%ae%e8%a1%8c/,https://renewangtw.wordpress.com/posts/2011/12/02/taiwan-yi-jia-de-she-ying-hun-feng-yu-wu-zu-de-hua-lian-xing.html
https://renewangtw.wordpress.com/2012/08/19/taiwan-%e6%85%b5%e6%87%b6%e7%9a%84%e5%9c%b0%e4%b8%ad%e6%b5%b7%e5%a4%8f%e6%97%a5%e5%82%b3%e8%aa%aa%e4%b9%8b%e4%ba%8c/,https://renewangtw.wordpress.com/posts/2012/08/19/taiwan-yong-lan-de-di-zhong-hai-xia-ri-chuan-shuo-zhi-er.html
https://renewangtw.wordpress.com/2012/08/12/taiwan-%e6%85%b5%e6%87%b6%e7%9a%84%e5%9c%b0%e4%b8%ad%e6%b5%b7%e5%a4%8f%e6%97%a5%e5%82%b3%e8%aa%aa%e4%b9%8b%e4%b8%80/,https://renewangtw.wordpress.com/posts/2012/08/12/taiwan-yong-lan-de-di-zhong-hai-xia-ri-chuan-shuo-zhi-yi.html
https://renewangtw.wordpress.com/tag/concert,/categories/concert.html
https://renewangtw.wordpress.com/tag/life,/categories/life.html
https://renewangtw.wordpress.com/2012/06/24/almond-cake-%e7%82%ba%e8%a5%bf%e7%8f%ad%e7%89%99%e5%8a%a0%e6%b2%b9%e7%9a%84%e6%9d%8f%e4%bb%81%e8%9b%8b%e7%b3%95/,https://renewangtw.wordpress.com/posts/2012/06/24/almond-cake-wei-xi-ban-ya-jia-you-de-xing-ren-dan-gao.html
https://renewangtw.wordpress.com/2011/06/14/window-zoo-%e5%b0%b1%e5%9c%a8%e7%aa%97%e5%a4%96%e7%9a%84%e5%8b%95%e7%89%a9%e6%98%9f%e7%90%83%e9%a0%bb%e9%81%93/,https://renewangtw.wordpress.com/posts/2011/06/14/window-zoo-jiu-zai-chuang-wai-de-dong-wu-xing-qiu-pin-dao.html
https://renewangtw.wordpress.com/2010/08/12/malaysia-%e8%8b%a6%e5%85%92%e5%9c%a8%e5%90%89%e9%9a%86%e5%9d%a1-day-23/,https://renewangtw.wordpress.com/posts/2010/08/12/malaysia-ku-er-zai-ji-long-po-day-23.html
https://renewangtw.wordpress.com/2010/10/17/life-is-short-la-vida-breve/,https://renewangtw.wordpress.com/posts/2010/10/17/life-is-short-la-vida-breve.html
https://renewangtw.wordpress.com/2011/01/18/allegretto-%e5%af%92%e5%a4%9c%e8%a3%a1%e7%9a%84%e5%b0%8f%e5%bf%ab%e6%9d%bf%e5%b9%bb%e6%83%b3%e6%9b%b2/,https://renewangtw.wordpress.com/posts/2011/01/18/allegretto-han-ye-li-de-xiao-kuai-ban-huan-xiang-qu.html
https://renewangtw.wordpress.com/2012/09/30/australia-%e7%b5%82%e6%96%bc%e8%bc%aa%e5%88%b0%e6%88%91%e5%87%ba%e5%8e%bb%e7%8e%a9%e5%95%a6/,https://renewangtw.wordpress.com/posts/2012/09/30/australia-zhong-yu-lun-dao-wo-chu-qu-wan-la.html
https://renewangtw.wordpress.com/2013/01/12/taiwan-%e5%a5%b3%e5%ad%a9%e5%80%91%e7%9a%84%e5%bd%a9%e7%b9%aa%e6%8c%87%e7%94%b2%e6%b4%be%e5%b0%8d-%e6%b8%85%e5%a2%83%ef%bc%8c%e8%80%81%e8%8b%b1%e6%a0%bc%e8%98%ad/,https://renewangtw.wordpress.com/posts/2013/01/12/taiwan-nu-hai-men-de-cai-hui-zhi-jia-pai-dui-qing-jing-lao-ying-ge-lan.html
https://renewangtw.wordpress.com/2011/04/29/ann-sophine-mutter-%e8%97%8d%e8%89%b2%e7%9a%84%e5%8d%a1%e9%96%80%e5%b9%bb%e6%83%b3%e6%9b%b2/,https://renewangtw.wordpress.com/posts/2011/04/29/ann-sophine-mutter-lan-se-de-qia-men-huan-xiang-qu.html
https://renewangtw.wordpress.com/2013/06/27/st-louis-%e5%9c%a8%e5%b2%a9%e7%9f%b3%e4%b8%8a%e6%b2%88%e6%80%9d%e7%9a%84%e5%85%94%e5%ad%90/,https://renewangtw.wordpress.com/posts/2013/06/27/st-louis-zai-yan-shi-shang-chen-si-de-tu-zi.html
https://renewangtw.wordpress.com/tag/rene-ai-luan-zou,/categories/rene-ai-luan-zou.html
https://renewangtw.wordpress.com/2013/04/14/australia-%e4%b8%80%e5%80%8b%e4%ba%ba%e5%92%8c%e7%9b%b8%e6%a9%9f%e5%9c%a8%e5%8d%97%e5%8d%8a%e7%90%83%e6%97%85%e8%a1%8c-%e5%82%b3%e8%aa%aa%e4%b8%ad%e7%9a%84%e8%a2%8b%e9%bc%a0%e8%82%89-little-creat/,https://renewangtw.wordpress.com/posts/2013/04/14/australia-yi-ge-ren-he-xiang-ji-zai-nan-ban-qiu-lu-xing-chuan-shuo-zhong-de-dai-shu-rou-little-creat.html
https://renewangtw.wordpress.com/2013/03/17/cats-%e8%b2%93%e5%92%aa%e7%9a%84%e4%b8%80%e6%97%a5%e6%82%a0%e9%96%92-%e8%b2%93%e9%a4%a8/,https://renewangtw.wordpress.com/posts/2013/03/17/cats-mao-mi-de-yi-ri-you-xian-mao-guan.html
https://renewangtw.wordpress.com/2011/03/27/hongkong-macau-%e6%88%91%e8%a6%81%e6%88%90%e7%82%ba%e7%99%be%e8%90%ac%e5%af%8c%e7%bf%81%e4%b9%8b%e6%b8%af%e6%be%b3%e8%b6%b4%e8%b6%b4%e8%b5%b0-%e7%a9%bf%e8%b6%8a%e6%99%82%e5%85%89/,https://renewangtw.wordpress.com/posts/2011/03/27/hongkong-macau-wo-yao-cheng-wei-bai-wan-fu-weng-zhi-gang-ao-pa-pa-zou-chuan-yue-shi-guang.html
https://renewangtw.wordpress.com/2010/08/12/malaysia-%e8%8b%a6%e5%85%92%e5%9c%a8%e5%90%89%e9%9a%86%e5%9d%a1-day-1/,https://renewangtw.wordpress.com/posts/2010/08/12/malaysia-ku-er-zai-ji-long-po-day-1.html
https://renewangtw.wordpress.com/2012/04/07/kitchen-life-%e4%b8%8b%e5%bb%9a%e5%8d%b3%e7%94%9f%e6%b4%bb-%e8%ae%80%e5%bb%9a%e6%88%bf%e8%a3%a1%e7%9a%84%e4%ba%ba%e9%a1%9e%e5%ad%b8%e5%ae%b6/,https://renewangtw.wordpress.com/posts/2012/04/07/kitchen-life-xia-chu-ji-sheng-huo-du-chu-fang-li-de-ren-lei-xue-jia.html
https://renewangtw.wordpress.com/2012/08/05/taiwan-%e8%b5%b0%e9%81%8e%e5%bd%a9%e8%99%b9%e6%a9%8b-%e5%8f%83%e8%a7%80%e6%9e%97%e5%8f%a3%e8%b3%bd%e5%be%b7%e5%85%8b%e5%b7%b4%e8%90%8a%e7%89%87%e5%a0%b4/,https://renewangtw.wordpress.com/posts/2012/08/05/taiwan-zou-guo-cai-hong-qiao-can-guan-lin-kou-sai-de-ke-ba-lai-pian-chang.html
https://renewangtw.wordpress.com/tag/chicago,/categories/chicago.html
https://renewangtw.wordpress.com/tag/tu-pian,/categories/tu-pian.html
https://renewangtw.wordpress.com/tag/uncategorized,/categories/uncategorized.html
https://renewangtw.wordpress.com/2013/08/15/taiwan-%e4%be%86%e5%8e%bb%e7%9c%bc%e7%a7%91%e5%90%83%e5%86%b0%e6%b7%87%e6%b7%8b%ef%bd%9e%ef%bc%88%e5%ae%ae%e5%8e%9f%e7%9c%bc%e7%a7%91%ef%bc%89/,https://renewangtw.wordpress.com/posts/2013/08/15/taiwan-lai-qu-yan-ke-chi-bing-qi-lin-gong-yuan-yan-ke.html
https://renewangtw.wordpress.com/tag/kyoto,/categories/kyoto.html
https://renewangtw.wordpress.com/2015/09/17/women-in-ted-fei-fei-li-%e6%88%91%e5%80%91%e5%a6%82%e4%bd%95%e6%95%99%e5%b0%8e%e9%9b%bb%e8%85%a6%e7%9e%ad%e8%a7%a3%e5%bd%b1%e5%83%8f/,https://renewangtw.wordpress.com/posts/2015/09/17/women-in-ted-fei-fei-li-wo-men-ru-he-jiao-dao-dian-nao-liao-jie-ying-xiang.html
https://renewangtw.wordpress.com/2011/05/06/tiger-mother-%e8%99%8e%e5%aa%bd%e7%9a%84%e6%88%b0%e6%ad%8c-%e5%9c%a8%e9%80%9a%e5%be%80%e5%b1%ac%e6%96%bc%e8%87%aa%e5%b7%b1%e7%9a%84%e9%81%93%e8%b7%af%e4%b8%8a/,https://renewangtw.wordpress.com/posts/2011/05/06/tiger-mother-hu-ma-de-zhan-ge-zai-tong-wang-shu-yu-zi-ji-de-dao-lu-shang.html
https://renewangtw.wordpress.com/2012/07/08/guest-%e5%b0%8f%e5%a4%ab%e5%a6%bb%e7%9a%84%e5%ba%8a%e7%ac%ab%e4%b9%8b%e6%a8%82/,https://renewangtw.wordpress.com/posts/2012/07/08/guest-xiao-fu-qi-de-chuang-zi-zhi-le.html
https://renewangtw.wordpress.com/2013/05/30/australia-%e4%b8%80%e5%80%8b%e4%ba%ba%e5%92%8c%e7%9b%b8%e6%a9%9f%e5%9c%a8%e5%8d%97%e5%8d%8a%e7%90%83%e6%97%85%e8%a1%8c-%e5%9f%8e%e5%b8%82%e5%8d%b0%e8%b1%a1%e9%9b%aa%e6%a2%a8/,https://renewangtw.wordpress.com/posts/2013/05/30/australia-yi-ge-ren-he-xiang-ji-zai-nan-ban-qiu-lu-xing-cheng-shi-yin-xiang-xue-li.html
https://renewangtw.wordpress.com/2010/09/22/cambodia-faces/,https://renewangtw.wordpress.com/posts/2010/09/22/cambodia-faces.html
https://renewangtw.wordpress.com/tag/book,/categories/book.html
https://renewangtw.wordpress.com/2014/09/29/science-%e5%be%8c%e5%ae%ae%e7%94%84%e7%92%b0%e5%82%b3%e5%92%8c%e6%b5%b7%e7%8d%85%e4%b9%8b%e9%96%93%e7%9a%84%e9%97%9c%e4%bf%82/,https://renewangtw.wordpress.com/posts/2014/09/29/science-hou-gong-zhen-huan-chuan-he-hai-shi-zhi-jian-de-guan-xi.html
https://renewangtw.wordpress.com/renewangritte/,https://renewangtw.wordpress.com/stories/renewangritte.html
https://renewangtw.wordpress.com/2013/06/20/australia-%e4%b8%80%e5%80%8b%e4%ba%ba%e5%92%8c%e7%9b%b8%e6%a9%9f%e5%9c%a8%e5%8d%97%e5%8d%8a%e7%90%83%e6%97%85%e8%a1%8c-devonshire-tea/,https://renewangtw.wordpress.com/posts/2013/06/20/australia-yi-ge-ren-he-xiang-ji-zai-nan-ban-qiu-lu-xing-devonshire-tea.html
https://renewangtw.wordpress.com/2012/06/03/guest-%e8%bf%bd%e9%80%90%e5%a4%a2%e6%83%b3%e7%9a%84%e5%8b%87%e6%b0%a3/,https://renewangtw.wordpress.com/posts/2012/06/03/guest-zhui-zhu-meng-xiang-de-yong-qi.html
https://renewangtw.wordpress.com/tag/rene-suo-re-ai-de,/categories/rene-suo-re-ai-de.html
https://renewangtw.wordpress.com/2014/03/18/photos-%e8%87%aa%e7%84%b6%e7%9a%84%e9%a4%bd%e8%b4%88/,https://renewangtw.wordpress.com/posts/2014/03/18/photos-zi-ran-de-kui-zeng.html
https://renewangtw.wordpress.com/2013/11/25/taiwan-%e5%a4%a2%e5%a2%83/,https://renewangtw.wordpress.com/posts/2013/11/25/taiwan-meng-jing.html
https://renewangtw.wordpress.com/2012/11/25/australia-%e4%b8%80%e5%80%8b%e4%ba%ba%e5%92%8c%e7%9b%b8%e6%a9%9f%e5%9c%a8%e5%8d%97%e5%8d%8a%e7%90%83%e6%97%85%e8%a1%8c-%e6%98%8e%e6%98%9f%e7%84%a1%e5%b0%be%e7%86%8a%e7%9a%84%e7%89%b9%e6%ae%8a/,https://renewangtw.wordpress.com/posts/2012/11/25/australia-yi-ge-ren-he-xiang-ji-zai-nan-ban-qiu-lu-xing-ming-xing-wu-wei-xiong-de-te-shu.html
https://renewangtw.wordpress.com/2013/06/24/new-york-%e5%88%b0%e4%ba%86%e7%b4%90%e7%b4%84%ef%bc%8c%e6%88%91%e5%80%91%e9%83%bd%e5%96%9c%e6%ad%a1/,https://renewangtw.wordpress.com/posts/2013/06/24/new-york-dao-liao-niu-yue-wo-men-du-xi-huan.html
https://renewangtw.wordpress.com/2010/10/16/artificial-intelligence-%e6%88%91%e8%a6%81%e8%ae%8a%e6%88%90%e5%b0%8f%e7%94%b7%e5%ad%a9/,https://renewangtw.wordpress.com/posts/2010/10/16/artificial-intelligence-wo-yao-bian-cheng-xiao-nan-hai.html
https://renewangtw.wordpress.com/2013/06/06/tiramisu-%e8%ab%8b%e5%b8%b6%e6%88%91%e8%b5%b0-%e7%94%a8%e6%8f%90%e6%8b%89%e7%b1%b3%e8%98%87%e5%af%ab%e6%88%90%e7%9a%84%e6%83%85%e6%9b%b8/,https://renewangtw.wordpress.com/posts/2013/06/06/tiramisu-qing-dai-wo-zou-yong-ti-la-mi-su-xie-cheng-de-qing-shu.html
https://renewangtw.wordpress.com/tag/photos,/categories/photos.html
https://renewangtw.wordpress.com/tag/rene-ai-luan-dong,/categories/rene-ai-luan-dong.html
https://renewangtw.wordpress.com/2013/07/04/paris-%e5%b7%b4%e9%bb%8e%e5%b7%b4%e9%bb%8e%e6%88%91%e6%84%9b%e4%bd%a0/,https://renewangtw.wordpress.com/posts/2013/07/04/paris-ba-li-ba-li-wo-ai-ni.html
https://renewangtw.wordpress.com/2013/12/11/taiwan-%e5%a4%a7%e5%9c%b0/,https://renewangtw.wordpress.com/posts/2013/12/11/taiwan-da-di.html
https://renewangtw.wordpress.com/tag/macau,/categories/macau.html
https://renewangtw.wordpress.com/tag/travel,/categories/travel.html
https://renewangtw.wordpress.com/2012/12/23/australia-%e4%b8%80%e5%80%8b%e4%ba%ba%e5%92%8c%e7%9b%b8%e6%a9%9f%e5%9c%a8%e5%8d%97%e5%8d%8a%e7%90%83%e6%97%85%e8%a1%8c-%e5%89%8d%e9%80%b2%e5%a4%a7%e6%b4%8b%e8%b7%af/,https://renewangtw.wordpress.com/posts/2012/12/23/australia-yi-ge-ren-he-xiang-ji-zai-nan-ban-qiu-lu-xing-qian-jin-da-yang-lu.html
https://renewangtw.wordpress.com/2010/11/05/ii-deserto-dei-tartar-%e9%9f%83%e9%9d%bc%e8%8d%92%e6%bc%a0/,https://renewangtw.wordpress.com/posts/2010/11/05/ii-deserto-dei-tartar-da-da-huang-mo.html
https://renewangtw.wordpress.com/2009/11/02/malaysia-%e5%a4%a7%e9%a6%ac%e4%b9%8b%e8%8b%a6%e5%85%92%e6%b5%81%e6%b5%aa%e8%a8%98/,https://renewangtw.wordpress.com/posts/2009/11/02/malaysia-da-ma-zhi-ku-er-liu-lang-ji.html
https://renewangtw.wordpress.com/2012/12/08/australia-%e4%b8%80%e5%80%8b%e4%ba%ba%e5%92%8c%e7%9b%b8%e6%a9%9f%e5%9c%a8%e5%8d%97%e5%8d%8a%e7%90%83%e6%97%85%e8%a1%8c-featherdale-zoo/,https://renewangtw.wordpress.com/posts/2012/12/08/australia-yi-ge-ren-he-xiang-ji-zai-nan-ban-qiu-lu-xing-featherdale-zoo.html
https://renewangtw.wordpress.com/2012/06/17/taiwan-%e5%8d%b3%e4%bd%bf%e7%82%8e%e7%82%8e%e5%a4%8f%e6%97%a5%e4%b9%9f%e8%a6%81%e9%80%a0%e8%a8%aa%e7%9a%84%e5%8c%97%e6%8a%95%e6%ba%ab%e6%b3%89%e9%84%89/,https://renewangtw.wordpress.com/posts/2012/06/17/taiwan-ji-shi-yan-yan-xia-ri-ye-yao-zao-fang-de-bei-tou-wen-quan-xiang.html
https://renewangtw.wordpress.com/2014/01/26/taiwan-%e7%a6%8f%e5%a3%bd%e5%b1%b1%e4%b8%8a-%e6%97%a5%e5%87%ba%ef%bc%8c%e6%97%a5%e8%90%bd/,https://renewangtw.wordpress.com/posts/2014/01/26/taiwan-fu-shou-shan-shang-ri-chu-ri-luo.html
https://renewangtw.wordpress.com/2013/07/11/taiwan-%e5%a4%95%e9%99%bd%e7%84%a1%e9%99%90%e5%a5%bd-%e5%a4%a7%e7%a8%bb%e5%9f%95%e7%a2%bc%e9%a0%ad/,https://renewangtw.wordpress.com/posts/2013/07/11/taiwan-xi-yang-wu-xian-hao-da-dao-cheng-ma-tou.html
https://renewangtw.wordpress.com/2010/11/21/the-old-times-%e6%96%b7%e4%ba%86%e9%9f%b3%e8%a8%8a%e7%9a%84%e7%90%b4%e7%b5%83/,https://renewangtw.wordpress.com/posts/2010/11/21/the-old-times-duan-liao-yin-xun-de-qin-xian.html
https://renewangtw.wordpress.com/tag/futbol,/categories/futbol.html
https://renewangtw.wordpress.com/tag/music,/categories/music.html
https://renewangtw.wordpress.com/tag/news,/categories/news.html
https://renewangtw.wordpress.com/tag/cafe,/categories/cafe.html
https://renewangtw.wordpress.com/2011/12/09/post-card-%e5%a4%a9%e5%b0%87%e9%99%8d%e5%a4%a7%e4%bb%bb%e6%96%bc%e6%96%af%e6%98%8e%e4%bf%a1%e7%89%87/,https://renewangtw.wordpress.com/posts/2011/12/09/post-card-tian-jiang-jiang-da-ren-yu-si-ming-xin-pian.html
https://renewangtw.wordpress.com/2010/10/02/cambodia-%e4%b8%80%e4%b8%8d%e5%b0%8f%e5%bf%83%e5%b0%b1%e8%ae%8a%e6%88%90%e8%b2%b4%e5%a9%a6%e8%a1%8c%e7%9a%84%e9%87%91%e9%82%8a%e5%8d%b0%e5%83%8f/,https://renewangtw.wordpress.com/posts/2010/10/02/cambodia-yi-bu-xiao-xin-jiu-bian-cheng-gui-fu-xing-de-jin-bian-yin-xiang.html
https://renewangtw.wordpress.com/2013/08/04/taipei-shhh-it-is-oh-so-quiet%ef%bc%81/,https://renewangtw.wordpress.com/posts/2013/08/04/taipei-shhh-it-is-oh-so-quiet.html
https://renewangtw.wordpress.com/tag/new-york,/categories/new-york.html
https://renewangtw.wordpress.com/2013/06/10/photography-%e7%be%8e%e9%a3%9f%e6%94%9d%e5%bd%b1%e5%b8%ab%e7%9a%84%e6%9c%80%e5%be%8c%e4%b8%80%e9%81%93%e9%9b%a3%e9%a1%8c/,https://renewangtw.wordpress.com/posts/2013/06/10/photography-mei-shi-she-ying-shi-de-zui-hou-yi-dao-nan-ti.html
https://renewangtw.wordpress.com/tag/hongkong,/categories/hongkong.html
https://renewangtw.wordpress.com/2013/02/02/australia-%e4%b8%80%e5%80%8b%e4%ba%ba%e5%92%8c%e7%9b%b8%e6%a9%9f%e5%9c%a8%e5%8d%97%e5%8d%8a%e7%90%83%e6%97%85%e8%a1%8c-%e5%a2%a8%e7%88%be%e6%9c%ac%e7%9a%84%e8%a5%bf%e7%8f%ad%e7%89%99%e5%a5%bd/,https://renewangtw.wordpress.com/posts/2013/02/02/australia-yi-ge-ren-he-xiang-ji-zai-nan-ban-qiu-lu-xing-mo-er-ben-de-xi-ban-ya-hao.html
https://renewangtw.wordpress.com/2012/12/31/st-louis-%e9%97%9c%e6%96%bc%e9%82%a3%e4%ba%9b%e7%95%99%e4%b8%8d%e4%bd%8f%e7%9a%84-%e8%81%96%e8%b7%af%e6%98%93%e6%96%af%e5%9f%8e/,https://renewangtw.wordpress.com/posts/2012/12/31/st-louis-guan-yu-na-xie-liu-bu-zhu-de-sheng-lu-yi-si-cheng.html
https://renewangtw.wordpress.com/2011/12/16/strandbeest-%e5%a5%94%e8%b7%91%e5%90%a7%e5%b0%8f%e5%b0%8f%e4%bb%bf%e7%94%9f%e7%8d%b8/,https://renewangtw.wordpress.com/posts/2011/12/16/strandbeest-ben-pao-ba-xiao-xiao-fang-sheng-shou.html
https://renewangtw.wordpress.com/2013/01/05/australia-%e4%b8%80%e5%80%8b%e4%ba%ba%e5%92%8c%e7%9b%b8%e6%a9%9f%e5%9c%a8%e5%8d%97%e5%8d%8a%e7%90%83%e6%97%85%e8%a1%8c-%e6%b2%bf%e8%91%97%e5%a4%a7%e6%b4%8b%e8%b7%af/,https://renewangtw.wordpress.com/posts/2013/01/05/australia-yi-ge-ren-he-xiang-ji-zai-nan-ban-qiu-lu-xing-yan-zhu-da-yang-lu.html
https://renewangtw.wordpress.com/tag/oreo,/categories/oreo.html
https://renewangtw.wordpress.com/2014/03/23/kyoto-%e9%97%9c%e6%96%bc%e4%ba%ac%e9%83%bd%e9%80%9f%e5%af%ab-%e8%b5%b0%e5%9c%a8%e8%8a%b1%e8%a6%8b%e5%b0%8f%e8%b7%af%e4%b8%8a/,https://renewangtw.wordpress.com/posts/2014/03/23/kyoto-guan-yu-jing-du-su-xie-zou-zai-hua-jian-xiao-lu-shang.html
https://renewangtw.wordpress.com/2010/08/15/malaysia-%e8%8b%a6%e5%85%92%e5%92%8c%e5%8f%a2%e6%9e%97%e8%a3%a1%e7%9a%84%e9%9d%a9%e5%91%bd%e6%83%85%e6%87%b7/,https://renewangtw.wordpress.com/posts/2010/08/15/malaysia-ku-er-he-cong-lin-li-de-ge-ming-qing-huai.html
https://renewangtw.wordpress.com/2013/11/10/taiwan-%e7%95%b6%e4%b9%9d%e9%99%8d%e9%a2%a8%e8%b5%b7-%e5%91%b3%e8%a1%9b%e5%ae%b6%e8%a8%aa%e7%b4%85%e6%9f%bf/,https://renewangtw.wordpress.com/posts/2013/11/10/taiwan-dang-jiu-jiang-feng-qi-wei-wei-jia-fang-hong-shi.html
https://renewangtw.wordpress.com/2012/10/29/australia-%e4%b8%80%e5%80%8b%e4%ba%ba%e5%92%8c%e7%9b%b8%e6%a9%9f%e5%9c%a8%e5%8d%97%e5%8d%8a%e7%90%83%e6%97%85%e8%a1%8c%e9%82%84%e6%9c%89%e5%b0%8f%e4%b8%89/,https://renewangtw.wordpress.com/posts/2012/10/29/australia-yi-ge-ren-he-xiang-ji-zai-nan-ban-qiu-lu-xing-huan-you-xiao-san.html
https://renewangtw.wordpress.com/2013/07/08/memphis-%e5%88%b0%e4%ba%86%e8%b2%93%e7%8e%8b%e7%9a%84%e6%95%85%e9%84%89%ef%bc%8c%e5%a6%b3%e4%b8%80%e5%ae%9a%e8%a6%81/,https://renewangtw.wordpress.com/posts/2013/07/08/memphis-dao-liao-mao-wang-de-gu-xiang-nai-yi-ding-yao.html
https://renewangtw.wordpress.com/?p=604,https://renewangtw.wordpress.com/posts/604.html
https://renewangtw.wordpress.com/tag/st-louis,/categories/st-louis.html
https://renewangtw.wordpress.com/tag/cook,/categories/cook.html
https://renewangtw.wordpress.com/tag/europe,/categories/europe.html
https://renewangtw.wordpress.com/2013/01/27/photography-%e5%bd%b1%e5%83%8f%e7%9a%84%e6%95%85%e4%ba%8b-%e6%99%ae%e7%ab%8b%e8%8c%b2%e6%96%b0%e8%81%9e%e6%94%9d%e5%bd%b1%e4%b8%83%e5%8d%81%e5%b9%b4%e5%b1%95/,https://renewangtw.wordpress.com/posts/2013/01/27/photography-ying-xiang-de-gu-shi-pu-li-zi-xin-wen-she-ying-qi-shi-nian-zhan.html
https://renewangtw.wordpress.com/2012/02/23/taiwan-%e9%82%80%e4%b8%80%e7%89%87%e7%be%bd%e8%91%89%e4%be%86%e5%85%a5%e5%a4%a2/,https://renewangtw.wordpress.com/posts/2012/02/23/taiwan-yao-yi-pian-yu-xie-lai-ru-meng.html
https://renewangtw.wordpress.com/2013/02/25/taiwan-%e9%82%a3%e5%ab%a3%e7%b4%85%e5%a7%b9%e7%b4%ab%e7%9a%84%e6%ab%bb%e8%8a%b1%e7%a5%ad%e5%85%b8-%e6%ad%a6%e9%99%b5%e8%be%b2%e5%a0%b4/,https://renewangtw.wordpress.com/posts/2013/02/25/taiwan-na-yan-hong-cha-zi-de-ying-hua-ji-dian-wu-ling-nong-chang.html
